user,employee_name,department,usb_count,gece_email,night_activity,gece_dosya_islemi,ultimate_risk_skoru
FEB0306,Personel_FEB0306,Bilişim / Finans,9.0,8.0,393,61.0,0.09
AIP0394,Personel_AIP0394,Bilişim / Finans,0.0,133.0,764,0.0,0.13
TQS0212,Personel_TQS0212,Bilişim / Finans,0.0,157.0,356,0.0,2.2
QNF0205,Personel_QNF0205,Bilişim / Finans,0.0,64.0,346,0.0,1.37
KJA0152,Personel_KJA0152,Bilişim / Finans,0.0,0.0,692,0.0,4.25
CPG0322,Personel_CPG0322,Bilişim / Finans,33.0,163.0,456,19.0,0.7
FRB0023,Personel_FRB0023,Bilişim / Finans,0.0,608.0,346,0.0,0.0
XHG0902,Personel_XHG0902,Bilişim / Finans,0.0,46.0,346,0.0,0.37
JXH0493,Personel_JXH0493,Bilişim / Finans,0.0,98.0,346,0.0,0.02
UJC0737,Personel_UJC0737,Bilişim / Finans,0.0,86.0,346,0.0,1.18
BAL0044,Personel_BAL0044,Bilişim / Finans,1778.0,130.0,2214,179.0,0.01
JFC0757,Personel_JFC0757,Bilişim / Finans,0.0,0.0,346,0.0,0.26
HKI0171,Personel_HKI0171,Bilişim / Finans,0.0,269.0,345,0.0,0.16
SHW0578,Personel_SHW0578,Bilişim / Finans,0.0,10.0,692,0.0,0.05
GCS0518,Personel_GCS0518,Bilişim / Finans,0.0,0.0,146,0.0,0.35
CBG0490,Personel_CBG0490,Bilişim / Finans,0.0,140.0,346,0.0,1.3
SCF0608,Personel_SCF0608,Bilişim / Finans,0.0,119.0,346,0.0,0.89
RHL0992,Personel_RHL0992,Bilişim / Finans,212.0,63.0,182,20.0,99.28
ESR0693,Personel_ESR0693,Bilişim / Finans,35.0,42.0,249,24.0,98.16
HBB0056,Personel_HBB0056,Bilişim / Finans,0.0,57.0,346,0.0,6.86
KBG0549,Personel_KBG0549,Bilişim / Finans,20.0,204.0,541,25.0,0.02
FUM0015,Personel_FUM0015,Bilişim / Finans,0.0,337.0,692,0.0,0.0
CSH0626,Personel_CSH0626,Bilişim / Finans,0.0,318.0,554,0.0,0.0
OKC0107,Personel_OKC0107,Bilişim / Finans,0.0,129.0,346,0.0,0.95
SDB0106,Personel_SDB0106,Bilişim / Finans,0.0,159.0,389,0.0,4.41
JTM0223,Personel_JTM0223,Bilişim / Finans,2.0,66.0,946,1.0,99.18
DPS0262,Personel_DPS0262,Bilişim / Finans,0.0,5.0,143,0.0,0.4
HVB0037,Personel_HVB0037,Bilişim / Finans,0.0,45.0,403,0.0,0.5
MIC0726,Personel_MIC0726,Bilişim / Finans,0.0,116.0,346,0.0,1.25
HAC0282,Personel_HAC0282,Bilişim / Finans,0.0,86.0,346,0.0,0.82
DBB0384,Personel_DBB0384,Bilişim / Finans,692.0,61.0,346,466.0,0.01
JHP0583,Personel_JHP0583,Bilişim / Finans,146.0,23.0,928,101.0,0.29
BMC0547,Personel_BMC0547,Bilişim / Finans,0.0,0.0,541,0.0,1.32
BIH0745,Personel_BIH0745,Bilişim / Finans,22.0,131.0,152,2.0,96.36
JIG0128,Personel_JIG0128,Bilişim / Finans,0.0,0.0,692,0.0,0.05
IIA0092,Personel_IIA0092,Bilişim / Finans,0.0,132.0,346,0.0,0.98
DLF0377,Personel_DLF0377,Bilişim / Finans,0.0,137.0,346,0.0,0.13
EIS0041,Personel_EIS0041,Bilişim / Finans,1909.0,162.0,2173,210.0,0.26
DID0650,Personel_DID0650,Bilişim / Finans,0.0,0.0,346,0.0,0.26
HWW0436,Personel_HWW0436,Bilişim / Finans,199.0,191.0,419,62.0,0.5
AOK0844,Personel_AOK0844,Bilişim / Finans,150.0,14.0,833,86.0,0.85
OCS0865,Personel_OCS0865,Bilişim / Finans,160.0,602.0,364,57.0,0.0
MAW0166,Personel_MAW0166,Bilişim / Finans,0.0,0.0,346,0.0,0.25
HCC0344,Personel_HCC0344,Bilişim / Finans,0.0,37.0,692,0.0,0.13
TJG0582,Personel_TJG0582,Bilişim / Finans,0.0,0.0,692,0.0,0.04
AQD0820,Personel_AQD0820,Bilişim / Finans,0.0,98.0,692,0.0,0.03
BJP0134,Personel_BJP0134,Bilişim / Finans,32.0,14.0,358,420.0,0.0
GDF0704,Personel_GDF0704,Bilişim / Finans,0.0,10.0,352,0.0,0.55
SAP0867,Personel_SAP0867,Bilişim / Finans,0.0,0.0,153,0.0,0.26
NBC0412,Personel_NBC0412,Bilişim / Finans,0.0,181.0,539,0.0,0.05
RDM0115,Personel_RDM0115,Bilişim / Finans,0.0,111.0,346,0.0,1.86
HAM0985,Personel_HAM0985,Bilişim / Finans,0.0,178.0,357,0.0,0.12
MBG0438,Personel_MBG0438,Bilişim / Finans,0.0,60.0,235,0.0,2.55
BBG0325,Personel_BBG0325,Bilişim / Finans,109.0,185.0,366,16.0,61.09
JCG0316,Personel_JCG0316,Bilişim / Finans,239.0,200.0,406,137.0,0.01
MHG0733,Personel_MHG0733,Bilişim / Finans,0.0,0.0,346,0.0,21.17
CCH0685,Personel_CCH0685,Bilişim / Finans,0.0,151.0,509,0.0,0.04
GNS0178,Personel_GNS0178,Bilişim / Finans,55.0,133.0,775,151.0,0.0
ONW0083,Personel_ONW0083,Bilişim / Finans,0.0,12.0,346,0.0,17.87
WGR0833,Personel_WGR0833,Bilişim / Finans,0.0,0.0,692,0.0,0.09
JOL0024,Personel_JOL0024,Bilişim / Finans,0.0,133.0,355,0.0,0.86
JRF0835,Personel_JRF0835,Bilişim / Finans,0.0,12.0,692,0.0,0.05
MCS0035,Personel_MCS0035,Bilişim / Finans,0.0,0.0,346,0.0,0.36
RRA0938,Personel_RRA0938,Bilişim / Finans,0.0,121.0,347,0.0,5.83
CAA0612,Personel_CAA0612,Bilişim / Finans,26.0,321.0,346,36.0,0.0
TEM0977,Personel_TEM0977,Bilişim / Finans,0.0,0.0,524,0.0,0.04
BSH0445,Personel_BSH0445,Bilişim / Finans,0.0,103.0,346,0.0,0.91
FKB0163,Personel_FKB0163,Bilişim / Finans,0.0,113.0,346,0.0,2.04
HDH0928,Personel_HDH0928,Bilişim / Finans,217.0,68.0,692,99.0,0.05
HPH0075,Personel_HPH0075,Bilişim / Finans,847.0,258.0,404,540.0,0.1
HCS0003,Personel_HCS0003,Bilişim / Finans,93.0,976.0,346,205.0,0.01
RNF0765,Personel_RNF0765,Bilişim / Finans,0.0,0.0,346,0.0,0.22
KRL0062,Personel_KRL0062,Bilişim / Finans,0.0,0.0,346,0.0,3.01
MVB0515,Personel_MVB0515,Bilişim / Finans,6.0,62.0,160,99.0,0.0
LAF0991,Personel_LAF0991,Bilişim / Finans,0.0,217.0,346,0.0,0.49
KBP0008,Personel_KBP0008,Bilişim / Finans,0.0,460.0,412,0.0,0.02
AJL0462,Personel_AJL0462,Bilişim / Finans,0.0,7.0,605,0.0,0.14
DLS0383,Personel_DLS0383,Bilişim / Finans,0.0,334.0,346,0.0,0.0
CHG0146,Personel_CHG0146,Bilişim / Finans,0.0,152.0,346,0.0,0.58
MAH0864,Personel_MAH0864,Bilişim / Finans,0.0,169.0,353,0.0,0.26
BTS0011,Personel_BTS0011,Bilişim / Finans,0.0,229.0,346,0.0,0.08
PTH0552,Personel_PTH0552,Bilişim / Finans,0.0,140.0,524,0.0,0.01
ROB0272,Personel_ROB0272,Bilişim / Finans,0.0,0.0,345,0.0,36.51
CSC0217,Personel_CSC0217,Bilişim / Finans,2.0,0.0,719,1.0,73.9
RUM0880,Personel_RUM0880,Bilişim / Finans,192.0,441.0,427,138.0,0.0
DKB0631,Personel_DKB0631,Bilişim / Finans,0.0,55.0,346,0.0,1.2
ASB0796,Personel_ASB0796,Bilişim / Finans,0.0,85.0,265,0.0,5.29
NGO0690,Personel_NGO0690,Bilişim / Finans,0.0,150.0,520,0.0,0.33
FFC0891,Personel_FFC0891,Bilişim / Finans,25.0,35.0,256,61.0,0.2
WLV0566,Personel_WLV0566,Bilişim / Finans,0.0,51.0,349,0.0,7.49
CSJ0340,Personel_CSJ0340,Bilişim / Finans,0.0,20.0,692,0.0,0.07
JPW0741,Personel_JPW0741,Bilişim / Finans,0.0,0.0,346,0.0,7.28
ALB0892,Personel_ALB0892,Bilişim / Finans,0.0,11.0,235,0.0,0.58
RMS0266,Personel_RMS0266,Bilişim / Finans,0.0,0.0,346,0.0,0.29
HTF0641,Personel_HTF0641,Bilişim / Finans,0.0,68.0,346,0.0,1.31
MOS0047,Personel_MOS0047,Bilişim / Finans,1060.0,51.0,1170,86.0,99.97
PMV0850,Personel_PMV0850,Bilişim / Finans,121.0,2.0,775,32.0,46.4
ESJ0670,Personel_ESJ0670,Bilişim / Finans,38.0,82.0,481,182.0,0.0
TLM0797,Personel_TLM0797,Bilişim / Finans,0.0,229.0,346,0.0,0.21
SRH0155,Personel_SRH0155,Bilişim / Finans,0.0,241.0,461,0.0,0.0
UCS0227,Personel_UCS0227,Bilişim / Finans,0.0,0.0,692,0.0,2.34
HGN0287,Personel_HGN0287,Bilişim / Finans,0.0,127.0,346,0.0,6.71
GTD0898,Personel_GTD0898,Bilişim / Finans,0.0,0.0,346,0.0,0.14
HDD0789,Personel_HDD0789,Bilişim / Finans,0.0,104.0,351,0.0,1.41
CKB0482,Personel_CKB0482,Bilişim / Finans,0.0,0.0,346,0.0,2.19
RAM0447,Personel_RAM0447,Bilişim / Finans,0.0,9.0,691,0.0,0.09
EFS0882,Personel_EFS0882,Bilişim / Finans,0.0,0.0,346,0.0,0.18
ARB0881,Personel_ARB0881,Bilişim / Finans,0.0,48.0,346,0.0,1.33
ILR0304,Personel_ILR0304,Bilişim / Finans,0.0,4.0,326,0.0,0.28
DAR0885,Personel_DAR0885,Bilişim / Finans,0.0,5.0,55,0.0,1.09
BAK0964,Personel_BAK0964,Bilişim / Finans,0.0,4.0,346,0.0,0.69
KCF0045,Personel_KCF0045,Bilişim / Finans,0.0,71.0,2150,0.0,0.0
BCB0679,Personel_BCB0679,Bilişim / Finans,0.0,255.0,314,0.0,0.13
CCA0046,Personel_CCA0046,Bilişim / Finans,1042.0,45.0,1243,122.0,99.9
CNB0900,Personel_CNB0900,Bilişim / Finans,0.0,0.0,346,0.0,0.14
SLB0049,Personel_SLB0049,Bilişim / Finans,0.0,227.0,346,0.0,0.16
HRW0550,Personel_HRW0550,Bilişim / Finans,0.0,104.0,535,0.0,0.02
MLP0668,Personel_MLP0668,Bilişim / Finans,0.0,248.0,346,0.0,1.01
RFP0380,Personel_RFP0380,Bilişim / Finans,0.0,115.0,346,0.0,1.33
SAK0375,Personel_SAK0375,Bilişim / Finans,0.0,274.0,2185,0.0,29.9
PMC0328,Personel_PMC0328,Bilişim / Finans,231.0,37.0,692,37.0,70.78
KQS0415,Personel_KQS0415,Bilişim / Finans,0.0,106.0,543,0.0,0.21
MYD0978,Personel_MYD0978,Bilişim / Finans,14.0,58.0,411,3.0,93.5
DIC0988,Personel_DIC0988,Bilişim / Finans,0.0,0.0,692,0.0,0.72
MDH0580,Personel_MDH0580,Bilişim / Finans,101.0,13.0,592,38.0,65.29
NNA0610,Personel_NNA0610,Bilişim / Finans,0.0,0.0,346,0.0,18.58
SBH0537,Personel_SBH0537,Bilişim / Finans,5.0,279.0,395,25.0,0.03
TTD1000,Personel_TTD1000,Bilişim / Finans,0.0,94.0,692,0.0,0.09
FRR0832,Personel_FRR0832,Bilişim / Finans,0.0,12.0,692,0.0,0.05
SED0886,Personel_SED0886,Bilişim / Finans,0.0,57.0,405,0.0,0.25
PDH0716,Personel_PDH0716,Bilişim / Finans,207.0,25.0,358,114.0,0.01
NMF0780,Personel_NMF0780,Bilişim / Finans,0.0,41.0,346,0.0,0.46
HRL0540,Personel_HRL0540,Bilişim / Finans,1810.0,157.0,383,108.0,0.0
WAB0143,Personel_WAB0143,Bilişim / Finans,0.0,0.0,254,0.0,0.28
MFV0897,Personel_MFV0897,Bilişim / Finans,0.0,0.0,346,0.0,0.15
MKL0941,Personel_MKL0941,Bilişim / Finans,0.0,0.0,346,0.0,39.56
IAT0263,Personel_IAT0263,Bilişim / Finans,0.0,70.0,186,0.0,8.82
LDG0459,Personel_LDG0459,Bilişim / Finans,34.0,6.0,590,28.0,41.7
MAD0496,Personel_MAD0496,Bilişim / Finans,0.0,12.0,118,0.0,0.49
CJH0702,Personel_CJH0702,Bilişim / Finans,0.0,0.0,346,0.0,0.34
BTN0061,Personel_BTN0061,Bilişim / Finans,0.0,98.0,800,0.0,0.03
TMA0069,Personel_TMA0069,Bilişim / Finans,0.0,64.0,554,0.0,0.13
CTR0697,Personel_CTR0697,Bilişim / Finans,0.0,20.0,354,0.0,0.58
HPR0585,Personel_HPR0585,Bilişim / Finans,0.0,23.0,692,0.0,0.06
SOG0411,Personel_SOG0411,Bilişim / Finans,0.0,185.0,537,0.0,0.04
DDM0579,Personel_DDM0579,Bilişim / Finans,0.0,0.0,692,0.0,0.04
OJK0233,Personel_OJK0233,Bilişim / Finans,0.0,75.0,692,0.0,0.01
HSP0290,Personel_HSP0290,Bilişim / Finans,0.0,10.0,345,0.0,0.67
EJW0884,Personel_EJW0884,Bilişim / Finans,0.0,12.0,346,0.0,0.23
JMW0638,Personel_JMW0638,Bilişim / Finans,0.0,28.0,346,0.0,0.73
ILH0958,Personel_ILH0958,Bilişim / Finans,70.0,13.0,441,174.0,0.0
SPA0141,Personel_SPA0141,Bilişim / Finans,0.0,184.0,482,0.0,0.07
KRG0158,Personel_KRG0158,Bilişim / Finans,0.0,232.0,346,0.0,0.03
KES0729,Personel_KES0729,Bilişim / Finans,0.0,146.0,351,0.0,0.28
ALH0402,Personel_ALH0402,Bilişim / Finans,0.0,100.0,692,0.0,0.1
CTA0020,Personel_CTA0020,Bilişim / Finans,758.0,146.0,696,28.0,0.05
MAD0753,Personel_MAD0753,Bilişim / Finans,0.0,145.0,346,0.0,0.4
AAF0535,Personel_AAF0535,Bilişim / Finans,1.0,25.0,82,15.0,93.37
CSP0197,Personel_CSP0197,Bilişim / Finans,0.0,192.0,731,0.0,3.92
AHM0410,Personel_AHM0410,Bilişim / Finans,90.0,98.0,620,131.0,0.01
PTH0830,Personel_PTH0830,Bilişim / Finans,0.0,9.0,850,0.0,0.03
ASS0517,Personel_ASS0517,Bilişim / Finans,0.0,30.0,157,0.0,1.42
YEV0793,Personel_YEV0793,Bilişim / Finans,0.0,124.0,346,0.0,1.26
CRO0027,Personel_CRO0027,Bilişim / Finans,0.0,27.0,364,0.0,7.03
DCC0160,Personel_DCC0160,Bilişim / Finans,0.0,165.0,692,0.0,0.01
NRF0137,Personel_NRF0137,Bilişim / Finans,0.0,0.0,523,0.0,0.65
HLM0933,Personel_HLM0933,Bilişim / Finans,0.0,53.0,346,0.0,12.27
AMV0036,Personel_AMV0036,Bilişim / Finans,0.0,0.0,346,0.0,0.36
MAS0025,Personel_MAS0025,Bilişim / Finans,31.0,0.0,218,2.0,99.84
BBS0039,Personel_BBS0039,Bilişim / Finans,2.0,45.0,1048,1.0,98.66
ORM0669,Personel_ORM0669,Bilişim / Finans,0.0,211.0,368,0.0,0.08
GCG0951,Personel_GCG0951,Bilişim / Finans,0.0,8.0,363,0.0,0.24
BBH0810,Personel_BBH0810,Bilişim / Finans,0.0,0.0,692,0.0,0.68
HDD0806,Personel_HDD0806,Bilişim / Finans,0.0,52.0,991,0.0,15.12
SMH0291,Personel_SMH0291,Bilişim / Finans,0.0,10.0,499,0.0,0.74
NHE0919,Personel_NHE0919,Bilişim / Finans,0.0,93.0,692,0.0,0.11
TSB0437,Personel_TSB0437,Bilişim / Finans,0.0,17.0,346,0.0,0.26
JCR0770,Personel_JCR0770,Bilişim / Finans,0.0,49.0,346,0.0,0.69
FXF0957,Personel_FXF0957,Bilişim / Finans,0.0,2.0,346,0.0,0.53
NKH0807,Personel_NKH0807,Bilişim / Finans,0.0,61.0,692,0.0,0.11
USH0199,Personel_USH0199,Bilişim / Finans,39.0,45.0,352,10.0,99.1
MAE0331,Personel_MAE0331,Bilişim / Finans,0.0,20.0,692,0.0,0.05
KKC0683,Personel_KKC0683,Bilişim / Finans,0.0,0.0,505,0.0,5.7
HWY0038,Personel_HWY0038,Bilişim / Finans,0.0,22.0,698,0.0,25.26
SCB0534,Personel_SCB0534,Bilişim / Finans,0.0,0.0,165,0.0,0.24
MOH0273,Personel_MOH0273,Bilişim / Finans,1133.0,59.0,401,522.0,0.26
HLH0512,Personel_HLH0512,Bilişim / Finans,0.0,57.0,248,0.0,1.79
HCL0651,Personel_HCL0651,Bilişim / Finans,391.0,55.0,359,45.0,30.69
AOS0987,Personel_AOS0987,Bilişim / Finans,0.0,30.0,371,0.0,1.93
KBB0189,Personel_KBB0189,Bilişim / Finans,0.0,18.0,346,0.0,0.72
BBS0422,Personel_BBS0422,Bilişim / Finans,25.0,129.0,810,25.0,0.45
MOP0763,Personel_MOP0763,Bilişim / Finans,0.0,0.0,346,0.0,0.28
IJM0139,Personel_IJM0139,Bilişim / Finans,0.0,0.0,338,0.0,0.66
AAM0658,Personel_AAM0658,Bilişim / Finans,13.0,37.0,234,1.0,98.52
YJF0532,Personel_YJF0532,Bilişim / Finans,0.0,50.0,166,0.0,3.63
CRP0456,Personel_CRP0456,Bilişim / Finans,0.0,12.0,559,0.0,0.24
IKP0472,Personel_IKP0472,Bilişim / Finans,100.0,28.0,787,46.0,4.92
HJS0072,Personel_HJS0072,Bilişim / Finans,5.0,4.0,43,3.0,52.71
WDV0573,Personel_WDV0573,Bilişim / Finans,0.0,15.0,886,0.0,0.03
CTW0500,Personel_CTW0500,Bilişim / Finans,0.0,271.0,346,0.0,0.08
IBS0836,Personel_IBS0836,Bilişim / Finans,154.0,16.0,818,34.0,28.02
CCR0863,Personel_CCR0863,Bilişim / Finans,0.0,0.0,354,0.0,28.45
ZFM0468,Personel_ZFM0468,Bilişim / Finans,0.0,8.0,535,0.0,0.52
GTD0116,Personel_GTD0116,Bilişim / Finans,0.0,47.0,346,0.0,10.02
IMP0530,Personel_IMP0530,Bilişim / Finans,0.0,33.0,161,0.0,1.98
HWM0342,Personel_HWM0342,Bilişim / Finans,0.0,14.0,700,0.0,0.04
SLT0907,Personel_SLT0907,Bilişim / Finans,0.0,13.0,173,0.0,0.75
ABC0174,Personel_ABC0174,Bilişim / Finans,245.0,61.0,296,40.0,98.8
NSC0597,Personel_NSC0597,Bilişim / Finans,0.0,11.0,704,0.0,0.05
MTB0620,Personel_MTB0620,Bilişim / Finans,262.0,400.0,346,118.0,0.0
EZH0736,Personel_EZH0736,Bilişim / Finans,0.0,38.0,346,0.0,4.4
CKD0680,Personel_CKD0680,Bilişim / Finans,0.0,122.0,346,0.0,1.28
KJM0887,Personel_KJM0887,Bilişim / Finans,0.0,47.0,346,0.0,1.13
HKB0418,Personel_HKB0418,Bilişim / Finans,0.0,0.0,505,0.0,3.59
BKW0374,Personel_BKW0374,Bilişim / Finans,0.0,114.0,2081,0.0,75.02
ESA0642,Personel_ESA0642,Bilişim / Finans,0.0,0.0,346,0.0,0.16
MCF0600,Personel_MCF0600,Bilişim / Finans,72.0,2.0,516,7.0,98.89
CBG0398,Personel_CBG0398,Bilişim / Finans,0.0,161.0,692,0.0,0.16
LQC0479,Personel_LQC0479,Bilişim / Finans,18.0,0.0,205,2.0,98.06
RIH0777,Personel_RIH0777,Bilişim / Finans,0.0,34.0,346,0.0,0.37
AHC0142,Personel_AHC0142,Bilişim / Finans,0.0,275.0,405,0.0,0.06
TSM0363,Personel_TSM0363,Bilişim / Finans,0.0,113.0,2183,0.0,99.63
RHC0335,Personel_RHC0335,Bilişim / Finans,0.0,0.0,692,0.0,0.08
EIP0997,Personel_EIP0997,Bilişim / Finans,0.0,0.0,692,0.0,0.05
CAC0889,Personel_CAC0889,Bilişim / Finans,0.0,2.0,60,0.0,0.88
HIW0536,Personel_HIW0536,Bilişim / Finans,0.0,64.0,692,0.0,0.01
RAS0432,Personel_RAS0432,Bilişim / Finans,0.0,141.0,346,0.0,1.37
JOM0750,Personel_JOM0750,Bilişim / Finans,0.0,0.0,346,0.0,0.15
CIM0926,Personel_CIM0926,Bilişim / Finans,0.0,11.0,460,0.0,0.22
GAF0060,Personel_GAF0060,Bilişim / Finans,0.0,134.0,692,0.0,0.02
JDC0030,Personel_JDC0030,Bilişim / Finans,55.0,493.0,974,44.0,0.0
OLW0689,Personel_OLW0689,Bilişim / Finans,155.0,106.0,510,68.0,1.75
ADD0846,Personel_ADD0846,Bilişim / Finans,0.0,5.0,692,0.0,0.04
DVW0103,Personel_DVW0103,Bilişim / Finans,0.0,0.0,346,0.0,12.37
JMK0099,Personel_JMK0099,Bilişim / Finans,48.0,164.0,394,35.0,1.53
WAS0254,Personel_WAS0254,Bilişim / Finans,0.0,65.0,346,0.0,5.48
GQP0743,Personel_GQP0743,Bilişim / Finans,0.0,321.0,346,0.0,0.01
JJH0613,Personel_JJH0613,Bilişim / Finans,285.0,376.0,374,100.0,0.0
KDT0346,Personel_KDT0346,Bilişim / Finans,0.0,20.0,694,0.0,0.04
MCD0125,Personel_MCD0125,Bilişim / Finans,20.0,66.0,391,22.0,23.42
NCH0179,Personel_NCH0179,Bilişim / Finans,0.0,163.0,692,0.0,0.02
ZSL0305,Personel_ZSL0305,Bilişim / Finans,0.0,7.0,334,0.0,0.5
LCD0622,Personel_LCD0622,Bilişim / Finans,0.0,0.0,346,0.0,0.19
LHN0151,Personel_LHN0151,Bilişim / Finans,0.0,49.0,346,0.0,0.71
PNH0761,Personel_PNH0761,Bilişim / Finans,10.0,20.0,460,133.0,0.0
FOB0756,Personel_FOB0756,Bilişim / Finans,20.0,47.0,442,8.0,93.71
BJH0811,Personel_BJH0811,Bilişim / Finans,0.0,0.0,692,0.0,0.13
NAF0033,Personel_NAF0033,Bilişim / Finans,0.0,102.0,344,0.0,0.52
DEB0782,Personel_DEB0782,Bilişim / Finans,0.0,26.0,346,0.0,0.59
LJB0826,Personel_LJB0826,Bilişim / Finans,0.0,10.0,692,0.0,0.05
OLB0749,Personel_OLB0749,Bilişim / Finans,0.0,0.0,98,0.0,0.39
RCP0785,Personel_RCP0785,Bilişim / Finans,0.0,0.0,346,0.0,0.12
CRK0916,Personel_CRK0916,Bilişim / Finans,0.0,20.0,739,0.0,0.21
MHG0244,Personel_MHG0244,Bilişim / Finans,0.0,0.0,346,0.0,4.08
MMG0943,Personel_MMG0943,Bilişim / Finans,0.0,186.0,500,0.0,0.07
IIW0249,Personel_IIW0249,Bilişim / Finans,689.0,26.0,457,31.0,89.52
SOF0808,Personel_SOF0808,Bilişim / Finans,0.0,78.0,692,0.0,0.04
WNB0908,Personel_WNB0908,Bilişim / Finans,0.0,54.0,346,0.0,0.82
HAV0121,Personel_HAV0121,Bilişim / Finans,0.0,0.0,346,0.0,0.13
MKP0861,Personel_MKP0861,Bilişim / Finans,0.0,544.0,360,0.0,0.02
NWT0098,Personel_NWT0098,Bilişim / Finans,194.0,130.0,319,40.0,89.96
KNG0672,Personel_KNG0672,Bilişim / Finans,0.0,120.0,301,0.0,9.57
CWB0065,Personel_CWB0065,Bilişim / Finans,0.0,94.0,419,0.0,1.04
RLG0856,Personel_RLG0856,Bilişim / Finans,117.0,303.0,399,23.0,0.03
ASD0577,Personel_ASD0577,Bilişim / Finans,0.0,0.0,692,0.0,0.04
SJC0333,Personel_SJC0333,Bilişim / Finans,0.0,43.0,748,0.0,0.08
BAJ0654,Personel_BAJ0654,Bilişim / Finans,51.0,27.0,415,164.0,0.0
CGB0637,Personel_CGB0637,Bilişim / Finans,622.0,58.0,346,122.0,0.07
AJH0175,Personel_AJH0175,Bilişim / Finans,29.0,73.0,458,14.0,12.29
GCC0744,Personel_GCC0744,Bilişim / Finans,0.0,0.0,346,0.0,18.78
SOB0360,Personel_SOB0360,Bilişim / Finans,0.0,0.0,1379,0.0,0.08
EHR0096,Personel_EHR0096,Bilişim / Finans,0.0,0.0,346,0.0,13.11
BTL0226,Personel_BTL0226,Bilişim / Finans,16.0,56.0,467,0.0,95.36
BCM0653,Personel_BCM0653,Bilişim / Finans,0.0,31.0,346,0.0,0.59
BDB0453,Personel_BDB0453,Bilişim / Finans,0.0,0.0,673,0.0,0.05
JRG0207,Personel_JRG0207,Bilişim / Finans,46.0,54.0,291,2.0,99.55
CAH0936,Personel_CAH0936,Bilişim / Finans,25.0,102.0,226,3.0,99.66
SJO0209,Personel_SJO0209,Bilişim / Finans,49.0,187.0,419,23.0,0.62
CCM0467,Personel_CCM0467,Bilişim / Finans,0.0,8.0,548,0.0,0.43
BSS0369,Personel_BSS0369,Bilişim / Finans,1464.0,29.0,1397,135.0,99.82
JAJ0849,Personel_JAJ0849,Bilişim / Finans,0.0,9.0,1019,0.0,0.02
BMT0528,Personel_BMT0528,Bilişim / Finans,4.0,68.0,163,121.0,0.0
PEV0323,Personel_PEV0323,Bilişim / Finans,0.0,139.0,456,0.0,0.01
CJF0802,Personel_CJF0802,Bilişim / Finans,0.0,121.0,459,0.0,0.01
JDB0169,Personel_JDB0169,Bilişim / Finans,1012.0,37.0,346,443.0,0.2
CAN0842,Personel_CAN0842,Bilişim / Finans,0.0,0.0,692,0.0,0.04
HRD0635,Personel_HRD0635,Bilişim / Finans,0.0,7.0,116,0.0,0.76
SGS0268,Personel_SGS0268,Bilişim / Finans,0.0,65.0,346,0.0,12.48
YIC0195,Personel_YIC0195,Bilişim / Finans,0.0,229.0,751,0.0,0.24
AAW0353,Personel_AAW0353,Bilişim / Finans,0.0,0.0,578,0.0,0.13
JFC0557,Personel_JFC0557,Bilişim / Finans,27.0,193.0,345,195.0,0.0
DJS0682,Personel_DJS0682,Bilişim / Finans,0.0,0.0,495,0.0,0.36
ALC0788,Personel_ALC0788,Bilişim / Finans,0.0,44.0,692,0.0,0.07
SAC0592,Personel_SAC0592,Bilişim / Finans,0.0,13.0,692,0.0,0.05
COF0120,Personel_COF0120,Bilişim / Finans,0.0,108.0,335,0.0,0.86
MIM0712,Personel_MIM0712,Bilişim / Finans,0.0,12.0,346,0.0,0.72
JIM0095,Personel_JIM0095,Bilişim / Finans,0.0,75.0,346,0.0,3.0
ZJE0857,Personel_ZJE0857,Bilişim / Finans,0.0,139.0,392,0.0,0.25
TYB0779,Personel_TYB0779,Bilişim / Finans,0.0,39.0,346,0.0,0.4
GMF0738,Personel_GMF0738,Bilişim / Finans,0.0,0.0,346,0.0,0.04
RAW0915,Personel_RAW0915,Bilişim / Finans,207.0,94.0,849,27.0,1.76
FRL0511,Personel_FRL0511,Bilişim / Finans,0.0,60.0,157,0.0,8.97
WGS0516,Personel_WGS0516,Bilişim / Finans,0.0,0.0,159,0.0,0.24
SAH0599,Personel_SAH0599,Bilişim / Finans,0.0,13.0,692,0.0,0.06
SVL0803,Personel_SVL0803,Bilişim / Finans,0.0,76.0,346,0.0,4.38
EPW0434,Personel_EPW0434,Bilişim / Finans,0.0,112.0,346,0.0,7.07
ASG0692,Personel_ASG0692,Bilişim / Finans,0.0,38.0,516,0.0,2.05
SSH0799,Personel_SSH0799,Bilişim / Finans,0.0,111.0,387,0.0,0.27
MSS0001,Personel_MSS0001,Bilişim / Finans,0.0,176.0,346,0.0,0.0
CAM0102,Personel_CAM0102,Bilişim / Finans,0.0,0.0,346,0.0,0.42
SKG0759,Personel_SKG0759,Bilişim / Finans,0.0,53.0,346,0.0,0.71
JAV0361,Personel_JAV0361,Bilişim / Finans,0.0,108.0,2181,0.0,23.63
UFK0208,Personel_UFK0208,Bilişim / Finans,0.0,108.0,382,0.0,0.47
RSC0089,Personel_RSC0089,Bilişim / Finans,1027.0,76.0,540,62.0,0.07
ECR0822,Personel_ECR0822,Bilişim / Finans,0.0,0.0,692,0.0,0.04
JKJ0698,Personel_JKJ0698,Bilişim / Finans,0.0,7.0,475,0.0,1.0
KSH0569,Personel_KSH0569,Bilişim / Finans,0.0,192.0,372,0.0,0.67
OLF0504,Personel_OLF0504,Bilişim / Finans,0.0,0.0,346,0.0,15.68
JCR0172,Personel_JCR0172,Bilişim / Finans,43.0,197.0,407,26.0,0.34
RCC0617,Personel_RCC0617,Bilişim / Finans,0.0,0.0,346,0.0,0.22
WIF0691,Personel_WIF0691,Bilişim / Finans,641.0,43.0,520,475.0,0.01
HKF0831,Personel_HKF0831,Bilişim / Finans,0.0,11.0,692,0.0,0.05
SBN0971,Personel_SBN0971,Bilişim / Finans,74.0,11.0,449,44.0,63.0
MIL0255,Personel_MIL0255,Bilişim / Finans,0.0,59.0,346,0.0,0.53
NGC0058,Personel_NGC0058,Bilişim / Finans,60.0,98.0,912,11.0,0.04
CKB0427,Personel_CKB0427,Bilişim / Finans,0.0,101.0,346,0.0,2.07
HCV0478,Personel_HCV0478,Bilişim / Finans,0.0,205.0,346,0.0,0.15
AJC0840,Personel_AJC0840,Bilişim / Finans,0.0,6.0,692,0.0,0.04
MPT0376,Personel_MPT0376,Bilişim / Finans,104.0,219.0,406,67.0,0.02
DOL0332,Personel_DOL0332,Bilişim / Finans,0.0,25.0,692,0.0,0.07
BWH0813,Personel_BWH0813,Bilişim / Finans,0.0,142.0,692,0.0,0.07
PKB0281,Personel_PKB0281,Bilişim / Finans,0.0,0.0,346,0.0,6.89
CLB0774,Personel_CLB0774,Bilişim / Finans,439.0,44.0,499,417.0,0.0
OBH0499,Personel_OBH0499,Bilişim / Finans,761.0,321.0,520,39.0,0.0
RHO0732,Personel_RHO0732,Bilişim / Finans,183.0,119.0,545,46.0,6.61
CJP0952,Personel_CJP0952,Bilişim / Finans,0.0,9.0,393,0.0,1.04
FSB0399,Personel_FSB0399,Bilişim / Finans,0.0,112.0,670,0.0,0.22
NCK0295,Personel_NCK0295,Bilişim / Finans,0.0,0.0,353,0.0,0.48
KCO0122,Personel_KCO0122,Bilişim / Finans,443.0,158.0,519,82.0,0.16
JDF0593,Personel_JDF0593,Bilişim / Finans,678.0,4.0,897,28.0,32.37
MBW0809,Personel_MBW0809,Bilişim / Finans,0.0,6.0,60,0.0,1.08
LDB0090,Personel_LDB0090,Bilişim / Finans,0.0,88.0,346,0.0,1.26
IJM0776,Personel_IJM0776,Bilişim / Finans,33.0,11.0,171,23.0,98.85
DIB0081,Personel_DIB0081,Bilişim / Finans,123.0,6.0,167,90.0,10.56
WBC0192,Personel_WBC0192,Bilişim / Finans,48.0,245.0,378,27.0,2.79
DMK0257,Personel_DMK0257,Bilişim / Finans,250.0,67.0,501,85.0,7.29
HDL0748,Personel_HDL0748,Bilişim / Finans,0.0,0.0,346,0.0,2.35
LIM0674,Personel_LIM0674,Bilişim / Finans,33.0,200.0,444,6.0,0.91
HSB0196,Personel_HSB0196,Bilişim / Finans,588.0,240.0,988,668.0,0.21
DGN0480,Personel_DGN0480,Bilişim / Finans,0.0,108.0,329,0.0,3.84
KJJ0293,Personel_KJJ0293,Bilişim / Finans,5.0,13.0,382,31.0,22.21
BEH0615,Personel_BEH0615,Bilişim / Finans,102.0,193.0,383,18.0,12.62
GTD0219,Personel_GTD0219,Bilişim / Finans,638.0,53.0,756,69.0,93.59
CCW0031,Personel_CCW0031,Bilişim / Finans,0.0,118.0,346,0.0,4.56
ECF0828,Personel_ECF0828,Bilişim / Finans,0.0,0.0,422,0.0,1.02
LPH0572,Personel_LPH0572,Bilişim / Finans,0.0,1.0,74,0.0,0.92
DGM0754,Personel_DGM0754,Bilişim / Finans,0.0,0.0,29,0.0,0.66
BSB0990,Personel_BSB0990,Bilişim / Finans,0.0,50.0,346,0.0,5.94
RAH0440,Personel_RAH0440,Bilişim / Finans,0.0,0.0,346,0.0,26.75
GQF0659,Personel_GQF0659,Bilişim / Finans,0.0,15.0,346,0.0,0.38
TOR0193,Personel_TOR0193,Bilişim / Finans,0.0,45.0,701,0.0,0.66
KAT0270,Personel_KAT0270,Bilişim / Finans,0.0,251.0,346,0.0,0.37
JTS0389,Personel_JTS0389,Bilişim / Finans,33.0,98.0,367,24.0,28.81
RJB0088,Personel_RJB0088,Bilişim / Finans,0.0,0.0,346,0.0,0.32
MTT0901,Personel_MTT0901,Bilişim / Finans,6.0,3.0,29,10.0,77.68
BTL0722,Personel_BTL0722,Bilişim / Finans,0.0,21.0,346,0.0,0.62
FKK0055,Personel_FKK0055,Bilişim / Finans,15.0,197.0,464,40.0,0.54
IUY0279,Personel_IUY0279,Bilişim / Finans,0.0,230.0,354,0.0,0.16
EZT0640,Personel_EZT0640,Bilişim / Finans,0.0,71.0,462,0.0,0.5
BAM0611,Personel_BAM0611,Bilişim / Finans,0.0,238.0,346,0.0,0.19
DBG0261,Personel_DBG0261,Bilişim / Finans,0.0,28.0,346,0.0,0.25
ONL0276,Personel_ONL0276,Bilişim / Finans,0.0,44.0,346,0.0,4.13
FBW0747,Personel_FBW0747,Bilişim / Finans,0.0,58.0,373,0.0,0.13
ANT0430,Personel_ANT0430,Bilişim / Finans,0.0,133.0,356,0.0,0.99
KBS0874,Personel_KBS0874,Bilişim / Finans,0.0,476.0,355,0.0,0.04
KQC0708,Personel_KQC0708,Bilişim / Finans,0.0,0.0,346,0.0,0.57
AAV0450,Personel_AAV0450,Bilişim / Finans,0.0,3.0,532,0.0,0.45
KJP0371,Personel_KJP0371,Bilişim / Finans,0.0,315.0,2149,0.0,0.08
NJB0243,Personel_NJB0243,Bilişim / Finans,0.0,7.0,353,0.0,6.54
PMJ0564,Personel_PMJ0564,Bilişim / Finans,0.0,166.0,392,0.0,0.15
SBD0913,Personel_SBD0913,Bilişim / Finans,0.0,45.0,346,0.0,0.4
MNR0829,Personel_MNR0829,Bilişim / Finans,0.0,9.0,692,0.0,0.06
SLP0762,Personel_SLP0762,Bilişim / Finans,0.0,21.0,346,0.0,0.51
PNL0301,Personel_PNL0301,Bilişim / Finans,9.0,5.0,177,23.0,96.44
SRS0231,Personel_SRS0231,Bilişim / Finans,0.0,14.0,692,0.0,0.37
JNA0559,Personel_JNA0559,Bilişim / Finans,0.0,0.0,333,0.0,1.67
VCC0396,Personel_VCC0396,Bilişim / Finans,266.0,202.0,796,88.0,0.04
CMM0487,Personel_CMM0487,Bilişim / Finans,0.0,0.0,346,0.0,27.24
XLB0710,Personel_XLB0710,Bilişim / Finans,0.0,0.0,346,0.0,0.59
KLM0639,Personel_KLM0639,Bilişim / Finans,0.0,0.0,346,0.0,0.16
DRR0162,Personel_DRR0162,Bilişim / Finans,210.0,171.0,256,30.0,90.93
HDJ0446,Personel_HDJ0446,Bilişim / Finans,0.0,1.0,528,0.0,0.56
CJM0138,Personel_CJM0138,Bilişim / Finans,0.0,17.0,370,0.0,0.67
JMC0925,Personel_JMC0925,Bilişim / Finans,0.0,69.0,841,0.0,0.22
TNM0961,Personel_TNM0961,Bilişim / Finans,212.0,11.0,304,33.0,95.25
QOS0878,Personel_QOS0878,Bilişim / Finans,61.0,111.0,137,7.0,94.86
KJS0618,Personel_KJS0618,Bilişim / Finans,0.0,186.0,346,0.0,0.37
JSA0775,Personel_JSA0775,Bilişim / Finans,0.0,57.0,346,0.0,0.95
VMJ0147,Personel_VMJ0147,Bilişim / Finans,0.0,219.0,692,0.0,0.04
ALD0529,Personel_ALD0529,Bilişim / Finans,0.0,55.0,163,0.0,5.02
ARD0509,Personel_ARD0509,Bilişim / Finans,0.0,37.0,173,0.0,2.64
GCC0945,Personel_GCC0945,Bilişim / Finans,0.0,5.0,346,0.0,0.75
KJW0416,Personel_KJW0416,Bilişim / Finans,0.0,0.0,579,0.0,0.56
BYP0070,Personel_BYP0070,Bilişim / Finans,0.0,0.0,365,0.0,0.17
RGG0064,Personel_RGG0064,Bilişim / Finans,12.0,84.0,231,0.0,99.44
BXJ0010,Personel_BXJ0010,Bilişim / Finans,0.0,0.0,533,0.0,1.43
DDA0476,Personel_DDA0476,Bilişim / Finans,0.0,130.0,346,0.0,4.61
EGD0409,Personel_EGD0409,Bilişim / Finans,0.0,66.0,220,0.0,3.93
MKW0441,Personel_MKW0441,Bilişim / Finans,148.0,59.0,376,28.0,80.46
LRR0148,Personel_LRR0148,Bilişim / Finans,344.0,313.0,530,51.0,0.01
ESH0135,Personel_ESH0135,Bilişim / Finans,0.0,18.0,342,0.0,1.45
JNJ0556,Personel_JNJ0556,Bilişim / Finans,41.0,142.0,390,450.0,0.0
JAM0382,Personel_JAM0382,Bilişim / Finans,0.0,155.0,346,0.0,0.58
ECL0930,Personel_ECL0930,Bilişim / Finans,0.0,143.0,346,0.0,0.19
ENL0100,Personel_ENL0100,Bilişim / Finans,0.0,83.0,346,0.0,5.08
IMB0481,Personel_IMB0481,Bilişim / Finans,0.0,193.0,346,0.0,0.17
OMM0944,Personel_OMM0944,Bilişim / Finans,0.0,0.0,346,0.0,0.54
IAR0694,Personel_IAR0694,Bilişim / Finans,0.0,99.0,612,0.0,0.03
OCB0805,Personel_OCB0805,Bilişim / Finans,0.0,59.0,346,0.0,5.7
DHM0937,Personel_DHM0937,Bilişim / Finans,0.0,140.0,346,0.0,3.41
PDW0259,Personel_PDW0259,Bilişim / Finans,0.0,40.0,398,0.0,2.6
FPC0954,Personel_FPC0954,Bilişim / Finans,0.0,0.0,346,0.0,0.4
CSL0949,Personel_CSL0949,Bilişim / Finans,0.0,0.0,346,0.0,0.25
RHP0484,Personel_RHP0484,Bilişim / Finans,0.0,74.0,352,0.0,0.02
VFM0814,Personel_VFM0814,Bilişim / Finans,53.0,29.0,494,7.0,97.87
PLH0862,Personel_PLH0862,Bilişim / Finans,0.0,0.0,357,0.0,21.79
NMB0972,Personel_NMB0972,Bilişim / Finans,0.0,2.0,346,0.0,0.36
KPP0452,Personel_KPP0452,Bilişim / Finans,0.0,1.0,575,0.0,0.27
DBS0235,Personel_DBS0235,Bilişim / Finans,0.0,47.0,731,0.0,0.36
JJB0700,Personel_JJB0700,Bilişim / Finans,0.0,23.0,355,0.0,0.42
LQP0508,Personel_LQP0508,Bilişim / Finans,0.0,49.0,161,0.0,2.53
ATF0274,Personel_ATF0274,Bilişim / Finans,0.0,167.0,346,0.0,2.03
RRC0553,Personel_RRC0553,Bilişim / Finans,12.0,13.0,126,89.0,0.01
GCL0016,Personel_GCL0016,Bilişim / Finans,26.0,179.0,609,15.0,0.01
SOB0586,Personel_SOB0586,Bilişim / Finans,0.0,0.0,692,0.0,0.04
PGO0433,Personel_PGO0433,Bilişim / Finans,0.0,93.0,346,0.0,1.42
DPM0423,Personel_DPM0423,Bilişim / Finans,220.0,166.0,572,83.0,0.05
ILJ0526,Personel_ILJ0526,Bilişim / Finans,4.0,49.0,183,73.0,0.37
MVF0594,Personel_MVF0594,Bilişim / Finans,0.0,0.0,692,0.0,0.05
AHD0848,Personel_AHD0848,Bilişim / Finans,61.0,9.0,802,13.0,91.34
NDM0417,Personel_NDM0417,Bilişim / Finans,154.0,185.0,576,77.0,0.03
MLL0598,Personel_MLL0598,Bilişim / Finans,434.0,12.0,692,23.0,23.55
ASV0946,Personel_ASV0946,Bilişim / Finans,0.0,11.0,346,0.0,1.22
LHB0967,Personel_LHB0967,Bilişim / Finans,0.0,0.0,346,0.0,0.33
CMW0783,Personel_CMW0783,Bilişim / Finans,0.0,0.0,346,0.0,0.19
BRB0355,Personel_BRB0355,Bilişim / Finans,10.0,143.0,213,46.0,40.71
UIR0043,Personel_UIR0043,Bilişim / Finans,0.0,87.0,2240,0.0,0.0
CCM0136,Personel_CCM0136,Bilişim / Finans,1.0,12.0,365,9.0,78.03
CQH0701,Personel_CQH0701,Bilişim / Finans,51.0,24.0,346,15.0,97.01
CSB0080,Personel_CSB0080,Bilişim / Finans,0.0,0.0,346,0.0,5.3
BEC0505,Personel_BEC0505,Bilişim / Finans,0.0,191.0,346,0.0,0.29
AAN0823,Personel_AAN0823,Bilişim / Finans,0.0,15.0,692,0.0,0.05
ACC0042,Personel_ACC0042,Bilişim / Finans,0.0,99.0,2122,0.0,0.02
PLH0715,Personel_PLH0715,Bilişim / Finans,0.0,10.0,346,0.0,0.38
JCR0289,Personel_JCR0289,Bilişim / Finans,0.0,5.0,384,0.0,0.73
LAM0911,Personel_LAM0911,Bilişim / Finans,0.0,117.0,692,0.0,0.0
JCW0858,Personel_JCW0858,Bilişim / Finans,0.0,120.0,359,0.0,0.21
CAB0388,Personel_CAB0388,Bilişim / Finans,0.0,319.0,346,0.0,0.06
CJM0521,Personel_CJM0521,Bilişim / Finans,0.0,29.0,223,0.0,0.91
SER0165,Personel_SER0165,Bilişim / Finans,0.0,0.0,692,0.0,0.04
RDM0150,Personel_RDM0150,Bilişim / Finans,0.0,31.0,346,0.0,0.52
YDN0198,Personel_YDN0198,Bilişim / Finans,0.0,44.0,356,0.0,5.46
IIL0513,Personel_IIL0513,Bilişim / Finans,0.0,28.0,206,0.0,0.99
ZMC0284,Personel_ZMC0284,Bilişim / Finans,0.0,75.0,346,0.0,0.9
BAH0875,Personel_BAH0875,Bilişim / Finans,0.0,84.0,546,0.0,0.06
SJF0094,Personel_SJF0094,Bilişim / Finans,0.0,198.0,346,0.0,0.18
GRM0868,Personel_GRM0868,Bilişim / Finans,0.0,0.0,360,0.0,1.05
LNR0656,Personel_LNR0656,Bilişim / Finans,0.0,0.0,346,0.0,0.21
MMB0488,Personel_MMB0488,Bilişim / Finans,0.0,81.0,310,0.0,9.03
LCB0664,Personel_LCB0664,Bilişim / Finans,737.0,123.0,377,35.0,0.01
BCR0581,Personel_BCR0581,Bilişim / Finans,0.0,12.0,752,0.0,0.04
WRM0963,Personel_WRM0963,Bilişim / Finans,0.0,3.0,189,0.0,0.74
AJR0932,Personel_AJR0932,Bilişim / Finans,38.0,0.0,203,1.0,99.85
RMW0542,Personel_RMW0542,Bilişim / Finans,70.0,0.0,253,22.0,99.71
UBF0645,Personel_UBF0645,Bilişim / Finans,0.0,0.0,346,0.0,0.15
QNP0216,Personel_QNP0216,Bilişim / Finans,0.0,0.0,2184,0.0,0.0
MBJ0312,Personel_MBJ0312,Bilişim / Finans,397.0,134.0,352,61.0,1.35
BVN0514,Personel_BVN0514,Bilişim / Finans,0.0,2.0,54,0.0,0.76
BNG0237,Personel_BNG0237,Bilişim / Finans,0.0,74.0,543,0.0,0.07
EMW0772,Personel_EMW0772,Bilişim / Finans,7.0,18.0,348,10.0,97.85
ANM0123,Personel_ANM0123,Bilişim / Finans,7.0,13.0,57,2.0,67.61
BJH0354,Personel_BJH0354,Bilişim / Finans,0.0,0.0,346,0.0,25.93
DOP0562,Personel_DOP0562,Bilişim / Finans,0.0,80.0,358,0.0,6.98
CCH0182,Personel_CCH0182,Bilişim / Finans,0.0,48.0,692,0.0,0.08
RKD0604,Personel_RKD0604,Bilişim / Finans,40.0,35.0,158,4.0,99.67
JER0404,Personel_JER0404,Bilişim / Finans,0.0,0.0,692,0.0,0.64
JBM0350,Personel_JBM0350,Bilişim / Finans,0.0,74.0,856,0.0,6.26
SMW0084,Personel_SMW0084,Bilişim / Finans,0.0,7.0,346,0.0,1.92
WBC0315,Personel_WBC0315,Bilişim / Finans,0.0,105.0,346,0.0,1.79
BWP0202,Personel_BWP0202,Bilişim / Finans,64.0,185.0,528,41.0,11.44
XWD0923,Personel_XWD0923,Bilişim / Finans,191.0,69.0,500,354.0,0.0
LFS0071,Personel_LFS0071,Bilişim / Finans,0.0,0.0,538,0.0,0.17
HGG0240,Personel_HGG0240,Bilişim / Finans,0.0,69.0,537,0.0,0.07
RAG0275,Personel_RAG0275,Bilişim / Finans,0.0,119.0,346,0.0,4.0
DLM0051,Personel_DLM0051,Bilişim / Finans,1991.0,494.0,494,599.0,0.0
PRM0740,Personel_PRM0740,Bilişim / Finans,0.0,0.0,346,0.0,0.53
NAB0801,Personel_NAB0801,Bilişim / Finans,0.0,65.0,346,0.0,7.08
CNM0800,Personel_CNM0800,Bilişim / Finans,0.0,127.0,346,0.0,0.95
MIB0904,Personel_MIB0904,Bilişim / Finans,0.0,51.0,346,0.0,0.99
WPR0368,Personel_WPR0368,Bilişim / Finans,0.0,68.0,2598,0.0,0.26
KMW0545,Personel_KMW0545,Bilişim / Finans,34.0,117.0,531,31.0,1.37
WJD0576,Personel_WJD0576,Bilişim / Finans,0.0,12.0,692,0.0,0.05
LJJ0905,Personel_LJJ0905,Bilişim / Finans,0.0,46.0,346,0.0,0.37
SVS0871,Personel_SVS0871,Bilişim / Finans,0.0,510.0,397,0.0,0.01
TLH0648,Personel_TLH0648,Bilişim / Finans,0.0,0.0,346,0.0,0.11
HTH0007,Personel_HTH0007,Bilişim / Finans,0.0,164.0,350,0.0,0.01
NKP0236,Personel_NKP0236,Bilişim / Finans,18.0,30.0,582,19.0,18.68
CEL0561,Personel_CEL0561,Bilişim / Finans,0.0,137.0,367,0.0,0.8
HDS0367,Personel_HDS0367,Bilişim / Finans,1838.0,275.0,2210,208.0,0.04
JKM0303,Personel_JKM0303,Bilişim / Finans,0.0,12.0,348,0.0,0.46
ZDW0859,Personel_ZDW0859,Bilişim / Finans,0.0,280.0,371,0.0,0.04
ORB0473,Personel_ORB0473,Bilişim / Finans,0.0,10.0,581,0.0,0.23
GJT0386,Personel_GJT0386,Bilişim / Finans,0.0,75.0,346,0.0,4.37
ATP0662,Personel_ATP0662,Bilişim / Finans,61.0,282.0,720,71.0,0.0
MPM0220,Personel_MPM0220,Bilişim / Finans,2007.0,22.0,1435,369.0,10.0
SIJ0661,Personel_SIJ0661,Bilişim / Finans,0.0,70.0,346,0.0,4.35
ETR0177,Personel_ETR0177,Bilişim / Finans,0.0,0.0,692,0.0,0.97
BMM0112,Personel_BMM0112,Bilişim / Finans,0.0,49.0,346,0.0,0.4
KBC0054,Personel_KBC0054,Bilişim / Finans,0.0,0.0,346,0.0,13.09
GBM0603,Personel_GBM0603,Bilişim / Finans,0.0,213.0,322,0.0,0.15
AAL0706,Personel_AAL0706,Bilişim / Finans,0.0,14.0,346,0.0,1.0
EMW0105,Personel_EMW0105,Bilişim / Finans,0.0,0.0,346,0.0,0.13
OHC0973,Personel_OHC0973,Bilişim / Finans,0.0,0.0,346,0.0,0.67
CRD0624,Personel_CRD0624,Bilişim / Finans,0.0,12.0,55,0.0,0.62
AMM0014,Personel_AMM0014,Bilişim / Finans,0.0,0.0,692,0.0,0.0
PGC0066,Personel_PGC0066,Bilişim / Finans,0.0,41.0,543,0.0,0.23
QJR0688,Personel_QJR0688,Bilişim / Finans,64.0,146.0,580,63.0,0.04
SMY0792,Personel_SMY0792,Bilişim / Finans,71.0,143.0,373,67.0,0.99
BMS0877,Personel_BMS0877,Bilişim / Finans,0.0,116.0,129,0.0,49.86
SSJ0784,Personel_SSJ0784,Bilişim / Finans,0.0,49.0,634,0.0,0.08
IBM0671,Personel_IBM0671,Bilişim / Finans,39.0,183.0,352,46.0,0.7
HWH0646,Personel_HWH0646,Bilişim / Finans,0.0,69.0,346,0.0,1.45
AJP0723,Personel_AJP0723,Bilişim / Finans,0.0,0.0,346,0.0,0.53
ARB0834,Personel_ARB0834,Bilişim / Finans,0.0,7.0,422,0.0,1.51
TRK0914,Personel_TRK0914,Bilişim / Finans,0.0,20.0,691,0.0,0.36
ZJS0269,Personel_ZJS0269,Bilişim / Finans,0.0,0.0,346,0.0,9.4
AMR0400,Personel_AMR0400,Bilişim / Finans,0.0,0.0,692,0.0,0.95
KPR0497,Personel_KPR0497,Bilişim / Finans,0.0,277.0,376,0.0,0.4
SBQ0786,Personel_SBQ0786,Bilişim / Finans,0.0,187.0,346,0.0,0.01
SDO0170,Personel_SDO0170,Bilişim / Finans,0.0,193.0,346,0.0,0.03
SNC0187,Personel_SNC0187,Bilişim / Finans,38.0,39.0,600,142.0,0.0
JCC0225,Personel_JCC0225,Bilişim / Finans,0.0,0.0,2151,0.0,0.03
HJA0018,Personel_HJA0018,Bilişim / Finans,0.0,73.0,566,0.0,0.07
SDF0017,Personel_SDF0017,Bilişim / Finans,0.0,59.0,555,0.0,0.55
SBK0161,Personel_SBK0161,Bilişim / Finans,0.0,555.0,785,0.0,0.0
SES0477,Personel_SES0477,Bilişim / Finans,0.0,159.0,346,0.0,0.06
RLB0719,Personel_RLB0719,Bilişim / Finans,0.0,20.0,382,0.0,1.2
VCY0751,Personel_VCY0751,Bilişim / Finans,0.0,158.0,346,0.0,1.1
YWW0660,Personel_YWW0660,Bilişim / Finans,0.0,0.0,261,0.0,0.18
GHH0288,Personel_GHH0288,Bilişim / Finans,14.0,11.0,394,92.0,0.0
TBT0461,Personel_TBT0461,Bilişim / Finans,0.0,6.0,570,0.0,0.22
PES0085,Personel_PES0085,Bilişim / Finans,0.0,115.0,346,0.0,0.71
GJD0298,Personel_GJD0298,Bilişim / Finans,0.0,13.0,361,0.0,0.86
HAH0248,Personel_HAH0248,Bilişim / Finans,0.0,11.0,346,0.0,1.68
VSS0154,Personel_VSS0154,Bilişim / Finans,67.0,27.0,427,36.0,93.52
NAF0326,Personel_NAF0326,Bilişim / Finans,298.0,163.0,574,151.0,0.02
BNR0965,Personel_BNR0965,Bilişim / Finans,0.0,17.0,346,0.0,0.7
KSP0357,Personel_KSP0357,Bilişim / Finans,0.0,44.0,1462,0.0,2.49
CGF0337,Personel_CGF0337,Bilişim / Finans,0.0,0.0,692,0.0,0.04
SGM0021,Personel_SGM0021,Bilişim / Finans,438.0,374.0,346,147.0,0.0
MJM0510,Personel_MJM0510,Bilişim / Finans,0.0,53.0,167,0.0,6.42
HFB0347,Personel_HFB0347,Bilişim / Finans,36.0,7.0,528,102.0,0.0
LBC0356,Personel_LBC0356,Bilişim / Finans,0.0,323.0,2162,0.0,3.21
VMJ0546,Personel_VMJ0546,Bilişim / Finans,162.0,209.0,541,200.0,0.0
BVC0790,Personel_BVC0790,Bilişim / Finans,53.0,213.0,560,57.0,0.01
LJT0817,Personel_LJT0817,Bilişim / Finans,363.0,119.0,710,108.0,2.71
FGW0853,Personel_FGW0853,Bilişim / Finans,0.0,348.0,515,0.0,0.01
DJB0159,Personel_DJB0159,Bilişim / Finans,0.0,601.0,350,0.0,0.1
AIS0405,Personel_AIS0405,Bilişim / Finans,0.0,115.0,692,0.0,0.16
RAR0725,Personel_RAR0725,Bilişim / Finans,78.0,2.0,171,25.0,98.89
GHL0460,Personel_GHL0460,Bilişim / Finans,22.0,5.0,364,2.0,99.01
CNE0352,Personel_CNE0352,Bilişim / Finans,0.0,86.0,346,0.0,0.01
MCJ0324,Personel_MCJ0324,Bilişim / Finans,0.0,94.0,346,0.0,0.54
QSV0778,Personel_QSV0778,Bilişim / Finans,0.0,0.0,346,0.0,0.12
BER0314,Personel_BER0314,Bilişim / Finans,0.0,57.0,346,0.0,4.27
OQH0183,Personel_OQH0183,Bilişim / Finans,0.0,4.0,692,0.0,0.04
CKH0144,Personel_CKH0144,Bilişim / Finans,0.0,193.0,346,0.0,2.86
AIH0675,Personel_AIH0675,Bilişim / Finans,0.0,134.0,346,0.0,0.29
DLH0029,Personel_DLH0029,Bilişim / Finans,0.0,5.0,692,0.0,0.14
DTT0076,Personel_DTT0076,Bilişim / Finans,0.0,0.0,346,0.0,1.47
SSG0250,Personel_SSG0250,Bilişim / Finans,0.0,28.0,346,0.0,19.67
AIM0627,Personel_AIM0627,Bilişim / Finans,0.0,0.0,346,0.0,0.19
MNS0224,Personel_MNS0224,Bilişim / Finans,0.0,65.0,2197,0.0,0.0
RAB0589,Personel_RAB0589,Bilişim / Finans,8.0,6.0,425,0.0,96.54
SSR0278,Personel_SSR0278,Bilişim / Finans,0.0,0.0,196,0.0,0.28
ZSK0258,Personel_ZSK0258,Bilişim / Finans,0.0,4.0,346,0.0,9.73
JRL0574,Personel_JRL0574,Bilişim / Finans,0.0,0.0,692,0.0,0.04
JCR0921,Personel_JCR0921,Bilişim / Finans,0.0,54.0,692,0.0,0.1
ASL0378,Personel_ASL0378,Bilişim / Finans,0.0,106.0,346,0.0,1.95
PGH0184,Personel_PGH0184,Bilişim / Finans,0.0,22.0,459,0.0,0.87
XRS0633,Personel_XRS0633,Bilişim / Finans,0.0,38.0,346,0.0,1.56
KKS0119,Personel_KKS0119,Bilişim / Finans,0.0,552.0,346,0.0,0.03
JGM0934,Personel_JGM0934,Bilişim / Finans,0.0,273.0,348,0.0,0.08
CMS0454,Personel_CMS0454,Bilişim / Finans,0.0,1.0,529,0.0,0.59
IBB0359,Personel_IBB0359,Bilişim / Finans,2401.0,197.0,2173,200.0,0.37
TSM0927,Personel_TSM0927,Bilişim / Finans,0.0,41.0,692,0.0,0.02
PIS0522,Personel_PIS0522,Bilişim / Finans,0.0,67.0,169,0.0,11.35
GLR0975,Personel_GLR0975,Bilişim / Finans,0.0,151.0,586,0.0,0.01
DMM0623,Personel_DMM0623,Bilişim / Finans,0.0,408.0,355,0.0,0.01
SGB0140,Personel_SGB0140,Bilişim / Finans,0.0,17.0,424,0.0,1.4
FAW0032,Personel_FAW0032,Bilişim / Finans,0.0,84.0,355,0.0,98.77
MHH0180,Personel_MHH0180,Bilişim / Finans,0.0,11.0,549,0.0,0.22
TLK0993,Personel_TLK0993,Bilişim / Finans,0.0,0.0,346,0.0,26.19
MAH0149,Personel_MAH0149,Bilişim / Finans,0.0,435.0,345,0.0,0.0
AMR0318,Personel_AMR0318,Bilişim / Finans,65.0,38.0,393,20.0,98.08
TCD0009,Personel_TCD0009,Bilişim / Finans,0.0,124.0,346,0.0,1.23
GCR0554,Personel_GCR0554,Bilişim / Finans,0.0,78.0,521,0.0,0.03
JBD0616,Personel_JBD0616,Bilişim / Finans,782.0,341.0,350,17.0,0.0
TSR0676,Personel_TSR0676,Bilişim / Finans,212.0,173.0,346,37.0,22.55
SXM0895,Personel_SXM0895,Bilişim / Finans,0.0,17.0,346,0.0,0.25
DGW0752,Personel_DGW0752,Bilişim / Finans,0.0,327.0,346,0.0,0.01
WDD0366,Personel_WDD0366,Bilişim / Finans,12.0,208.0,1885,0.0,99.09
XBN0229,Personel_XBN0229,Bilişim / Finans,0.0,67.0,692,0.0,0.07
KPC0073,Personel_KPC0073,Bilişim / Finans,16.0,30.0,248,0.0,98.83
BDI0533,Personel_BDI0533,Bilişim / Finans,6.0,78.0,206,139.0,0.0
CIG0052,Personel_CIG0052,Bilişim / Finans,0.0,34.0,346,0.0,4.6
ELB0847,Personel_ELB0847,Bilişim / Finans,0.0,8.0,737,0.0,0.04
BAM0636,Personel_BAM0636,Bilişim / Finans,0.0,9.0,346,0.0,0.25
AWM0764,Personel_AWM0764,Bilişim / Finans,0.0,17.0,346,0.0,0.28
PBP0002,Personel_PBP0002,Bilişim / Finans,0.0,0.0,346,0.0,19.7
AAE0190,Personel_AAE0190,Bilişim / Finans,0.0,168.0,692,0.0,0.92
LDM0587,Personel_LDM0587,Bilişim / Finans,0.0,6.0,692,0.0,0.05
GOK0238,Personel_GOK0238,Bilişim / Finans,0.0,0.0,400,0.0,0.23
FDE0117,Personel_FDE0117,Bilişim / Finans,0.0,57.0,692,0.0,0.05
DIW0118,Personel_DIW0118,Bilişim / Finans,318.0,101.0,409,82.0,0.37
YCE0983,Personel_YCE0983,Bilişim / Finans,0.0,237.0,361,0.0,0.13
JJB0127,Personel_JJB0127,Bilişim / Finans,0.0,0.0,692,0.0,1.26
LNS0989,Personel_LNS0989,Bilişim / Finans,0.0,22.0,747,0.0,0.06
WPE0538,Personel_WPE0538,Bilişim / Finans,0.0,56.0,692,0.0,0.09
POB0343,Personel_POB0343,Bilişim / Finans,0.0,0.0,692,0.0,0.04
EDA0684,Personel_EDA0684,Bilişim / Finans,0.0,5.0,60,0.0,0.83
MCT0720,Personel_MCT0720,Bilişim / Finans,0.0,0.0,346,0.0,0.55
AMW0392,Personel_AMW0392,Bilişim / Finans,0.0,74.0,900,0.0,0.28
ARA0252,Personel_ARA0252,Bilişim / Finans,0.0,24.0,346,0.0,17.55
FHS0837,Personel_FHS0837,Bilişim / Finans,0.0,0.0,692,0.0,0.04
DFR0218,Personel_DFR0218,Bilişim / Finans,0.0,52.0,2119,0.0,0.14
CIM0271,Personel_CIM0271,Bilişim / Finans,292.0,81.0,361,90.0,11.94
CHM0821,Personel_CHM0821,Bilişim / Finans,116.0,15.0,873,74.0,1.39
NRO0768,Personel_NRO0768,Bilişim / Finans,0.0,8.0,322,0.0,0.24
HJB0742,Personel_HJB0742,Bilişim / Finans,12.0,118.0,254,0.0,99.49
AOB0019,Personel_AOB0019,Bilişim / Finans,0.0,32.0,530,0.0,1.01
MHA0798,Personel_MHA0798,Bilişim / Finans,0.0,0.0,346,0.0,0.32
TPH0474,Personel_TPH0474,Bilişim / Finans,0.0,0.0,556,0.0,0.21
LAP0338,Personel_LAP0338,Bilişim / Finans,0.0,12.0,978,0.0,0.09
KLH0596,Personel_KLH0596,Bilişim / Finans,38.0,2.0,588,0.0,99.3
TEB0251,Personel_TEB0251,Bilişim / Finans,0.0,29.0,358,0.0,0.29
EIM0156,Personel_EIM0156,Bilişim / Finans,0.0,226.0,346,0.0,0.2
LHL0309,Personel_LHL0309,Bilişim / Finans,0.0,85.0,346,0.0,2.03
CEB0210,Personel_CEB0210,Bilişim / Finans,0.0,109.0,346,0.0,3.5
CXC0336,Personel_CXC0336,Bilişim / Finans,0.0,12.0,692,0.0,0.07
LCC0819,Personel_LCC0819,Bilişim / Finans,161.0,0.0,314,19.0,99.54
KAL0395,Personel_KAL0395,Bilişim / Finans,0.0,68.0,692,0.0,0.11
SMB0804,Personel_SMB0804,Bilişim / Finans,0.0,0.0,346,0.0,19.13
JKB0126,Personel_JKB0126,Bilişim / Finans,0.0,0.0,691,0.0,0.05
TDG0962,Personel_TDG0962,Bilişim / Finans,0.0,9.0,380,0.0,0.98
OKB0439,Personel_OKB0439,Bilişim / Finans,0.0,152.0,346,0.0,3.13
TSG0906,Personel_TSG0906,Bilişim / Finans,0.0,45.0,346,0.0,0.36
BMG0917,Personel_BMG0917,Bilişim / Finans,1148.0,7.0,734,455.0,0.14
EBC0390,Personel_EBC0390,Bilişim / Finans,0.0,0.0,346,0.0,2.07
AMH0464,Personel_AMH0464,Bilişim / Finans,0.0,5.0,521,0.0,0.73
AKW0167,Personel_AKW0167,Bilişim / Finans,0.0,35.0,346,0.0,3.72
VEB0935,Personel_VEB0935,Bilişim / Finans,0.0,0.0,346,0.0,1.15
JKF0465,Personel_JKF0465,Bilişim / Finans,0.0,5.0,658,0.0,0.06
CCL0068,Personel_CCL0068,Bilişim / Finans,117.0,40.0,442,31.0,97.97
ATE0869,Personel_ATE0869,Bilişim / Finans,54.0,582.0,526,29.0,0.01
ASM0575,Personel_ASM0575,Bilişim / Finans,0.0,18.0,692,0.0,0.05
OYM0026,Personel_OYM0026,Bilişim / Finans,0.0,11.0,355,0.0,6.49
AAS0442,Personel_AAS0442,Bilişim / Finans,0.0,13.0,50,0.0,1.57
CJG0470,Personel_CJG0470,Bilişim / Finans,0.0,0.0,576,0.0,0.25
HBO0413,Personel_HBO0413,Bilişim / Finans,142.0,0.0,510,45.0,97.92
WDO0870,Personel_WDO0870,Bilişim / Finans,0.0,119.0,526,0.0,0.04
HAD0246,Personel_HAD0246,Bilişim / Finans,60.0,24.0,697,19.0,23.93
CCW0524,Personel_CCW0524,Bilişim / Finans,0.0,38.0,166,0.0,1.67
TJB0302,Personel_TJB0302,Bilişim / Finans,0.0,3.0,409,0.0,0.76
DFH0188,Personel_DFH0188,Bilişim / Finans,163.0,4.0,784,375.0,0.0
IHK0841,Personel_IHK0841,Bilişim / Finans,0.0,0.0,692,0.0,0.05
PID0426,Personel_PID0426,Bilişim / Finans,0.0,114.0,510,0.0,0.02
CQH0730,Personel_CQH0730,Bilişim / Finans,0.0,20.0,346,0.0,2.25
WIQ0567,Personel_WIQ0567,Bilişim / Finans,6.0,186.0,475,120.0,0.0
AJN0607,Personel_AJN0607,Bilişim / Finans,251.0,424.0,367,56.0,0.0
MNC0717,Personel_MNC0717,Bilişim / Finans,0.0,9.0,397,0.0,0.95
WTF0387,Personel_WTF0387,Bilişim / Finans,0.0,177.0,346,0.0,0.51
TDJ0998,Personel_TDJ0998,Bilişim / Finans,0.0,47.0,692,0.0,24.42
AMD0077,Personel_AMD0077,Bilişim / Finans,0.0,139.0,346,0.0,0.02
EGK0893,Personel_EGK0893,Bilişim / Finans,0.0,15.0,346,0.0,0.2
FTM0406,Personel_FTM0406,Bilişim / Finans,36.0,0.0,385,1.0,99.62
XHW0498,Personel_XHW0498,Bilişim / Finans,68.0,191.0,195,29.0,99.01
KSP0966,Personel_KSP0966,Bilişim / Finans,0.0,0.0,346,0.0,0.35
TIW0299,Personel_TIW0299,Bilişim / Finans,0.0,5.0,349,0.0,1.02
PSF0133,Personel_PSF0133,Bilişim / Finans,8.0,0.0,207,27.0,96.57
DTP0379,Personel_DTP0379,Bilişim / Finans,0.0,225.0,365,0.0,0.09
NAH0503,Personel_NAH0503,Bilişim / Finans,0.0,313.0,464,0.0,0.01
VSA0230,Personel_VSA0230,Bilişim / Finans,34.0,114.0,652,27.0,0.55
NBH0256,Personel_NBH0256,Bilişim / Finans,0.0,84.0,346,0.0,3.79
KNB0022,Personel_KNB0022,Bilişim / Finans,0.0,166.0,346,0.0,0.62
HAH0760,Personel_HAH0760,Bilişim / Finans,95.0,26.0,346,129.0,0.0
EWH0191,Personel_EWH0191,Bilişim / Finans,0.0,235.0,346,0.0,1.82
RTO0313,Personel_RTO0313,Bilişim / Finans,0.0,213.0,487,0.0,0.0
JJM0203,Personel_JJM0203,Bilişim / Finans,172.0,118.0,245,26.0,99.25
SAT0194,Personel_SAT0194,Bilişim / Finans,0.0,122.0,692,0.0,5.1
OMS0101,Personel_OMS0101,Bilişim / Finans,0.0,117.0,346,0.0,3.62
FSC0601,Personel_FSC0601,Bilişim / Finans,115.0,114.0,315,46.0,71.46
JLM0364,Personel_JLM0364,Bilişim / Finans,2.0,53.0,2078,1.0,99.75
ICH0294,Personel_ICH0294,Bilişim / Finans,6.0,22.0,347,145.0,0.0
ABC0253,Personel_ABC0253,Bilişim / Finans,0.0,23.0,346,0.0,0.22
CQW0652,Personel_CQW0652,Bilişim / Finans,346.0,0.0,327,38.0,93.62
FMG0527,Personel_FMG0527,Bilişim / Finans,24.0,40.0,128,0.0,99.14
MSH0040,Personel_MSH0040,Bilişim / Finans,0.0,128.0,1655,0.0,0.16
ORG0339,Personel_ORG0339,Bilişim / Finans,0.0,14.0,692,0.0,0.05
AES0827,Personel_AES0827,Bilişim / Finans,0.0,0.0,692,0.0,0.04
GRC0145,Personel_GRC0145,Bilişim / Finans,0.0,282.0,346,0.0,0.74
CMB0912,Personel_CMB0912,Bilişim / Finans,0.0,354.0,514,0.0,0.02
DSM0591,Personel_DSM0591,Bilişim / Finans,0.0,0.0,692,0.0,0.04
HSD0457,Personel_HSD0457,Bilişim / Finans,0.0,3.0,544,0.0,0.42
NAR0981,Personel_NAR0981,Bilişim / Finans,0.0,357.0,358,0.0,0.02
MLD0755,Personel_MLD0755,Bilişim / Finans,0.0,277.0,346,0.0,0.03
SSS0345,Personel_SSS0345,Bilişim / Finans,0.0,0.0,692,0.0,0.05
JCV0245,Personel_JCV0245,Bilişim / Finans,0.0,11.0,346,0.0,17.84
FHO0630,Personel_FHO0630,Bilişim / Finans,0.0,465.0,346,0.0,0.04
LUR0896,Personel_LUR0896,Bilişim / Finans,0.0,11.0,422,0.0,0.55
BJM0111,Personel_BJM0111,Bilişim / Finans,164.0,43.0,516,459.0,0.0
KWE0082,Personel_KWE0082,Bilişim / Finans,162.0,33.0,346,139.0,0.44
EHD0584,Personel_EHD0584,Bilişim / Finans,14.0,13.0,448,0.0,98.99
RVC0232,Personel_RVC0232,Bilişim / Finans,0.0,67.0,692,0.0,0.08
HSG0818,Personel_HSG0818,Bilişim / Finans,0.0,75.0,692,0.0,0.17
RYB0718,Personel_RYB0718,Bilişim / Finans,0.0,8.0,346,0.0,0.75
JZD0888,Personel_JZD0888,Bilişim / Finans,0.0,0.0,346,0.0,0.19
TET0621,Personel_TET0621,Bilişim / Finans,0.0,457.0,390,0.0,0.0
NNS0059,Personel_NNS0059,Bilişim / Finans,0.0,156.0,692,0.0,0.01
KMB0922,Personel_KMB0922,Bilişim / Finans,131.0,86.0,871,72.0,2.91
SGG0787,Personel_SGG0787,Bilişim / Finans,0.0,286.0,692,0.0,0.02
AGB0643,Personel_AGB0643,Bilişim / Finans,0.0,41.0,346,0.0,0.29
LOM0086,Personel_LOM0086,Bilişim / Finans,95.0,25.0,144,22.0,99.24
AJD0074,Personel_AJD0074,Bilişim / Finans,87.0,291.0,435,17.0,0.32
CFM0767,Personel_CFM0767,Bilişim / Finans,44.0,15.0,438,49.0,56.35
LDD0560,Personel_LDD0560,Bilişim / Finans,0.0,4.0,50,0.0,0.51
ALD0544,Personel_ALD0544,Bilişim / Finans,0.0,194.0,531,0.0,0.02
JMD0520,Personel_JMD0520,Bilişim / Finans,21.0,46.0,232,130.0,0.0
LPC0492,Personel_LPC0492,Bilişim / Finans,0.0,130.0,350,0.0,0.56
VTT0385,Personel_VTT0385,Bilişim / Finans,682.0,100.0,392,22.0,0.21
UCH0519,Personel_UCH0519,Bilişim / Finans,0.0,11.0,125,0.0,0.61
CAS0507,Personel_CAS0507,Bilişim / Finans,3.0,72.0,181,378.0,0.0
ASS0206,Personel_ASS0206,Bilişim / Finans,0.0,0.0,346,0.0,0.2
OSH0655,Personel_OSH0655,Bilişim / Finans,0.0,37.0,346,0.0,0.3
MJS0890,Personel_MJS0890,Bilişim / Finans,0.0,92.0,346,0.0,0.74
DCH0843,Personel_DCH0843,Bilişim / Finans,46.0,2.0,588,2.0,99.3
COM0321,Personel_COM0321,Bilişim / Finans,0.0,0.0,346,0.0,0.9
AGB0186,Personel_AGB0186,Bilişim / Finans,0.0,0.0,692,0.0,0.07
DBW0483,Personel_DBW0483,Bilişim / Finans,0.0,96.0,345,0.0,1.68
MKS0204,Personel_MKS0204,Bilişim / Finans,0.0,67.0,346,0.0,0.3
XAA0104,Personel_XAA0104,Bilişim / Finans,53.0,172.0,347,27.0,21.96
BTR0403,Personel_BTR0403,Bilişim / Finans,124.0,78.0,798,43.0,44.53
THR0873,Personel_THR0873,Bilişim / Finans,722.0,393.0,398,493.0,0.0
MDM0976,Personel_MDM0976,Bilişim / Finans,0.0,0.0,556,0.0,0.06
KDS0349,Personel_KDS0349,Bilişim / Finans,0.0,0.0,346,0.0,26.1
SAC0687,Personel_SAC0687,Bilişim / Finans,0.0,31.0,514,0.0,1.93
CUD0795,Personel_CUD0795,Bilişim / Finans,0.0,189.0,346,0.0,0.35
IRT0491,Personel_IRT0491,Bilişim / Finans,0.0,125.0,346,0.0,1.32
AIB0948,Personel_AIB0948,Bilişim / Finans,1290.0,1.0,502,95.0,4.1
CCM0855,Personel_CCM0855,Bilişim / Finans,0.0,109.0,358,0.0,0.02
HGH0595,Personel_HGH0595,Bilişim / Finans,0.0,0.0,692,0.0,0.04
TEM0093,Personel_TEM0093,Bilişim / Finans,0.0,59.0,247,0.0,2.47
NWK0215,Personel_NWK0215,Bilişim / Finans,0.0,247.0,556,0.0,0.01
JJH0292,Personel_JJH0292,Bilişim / Finans,0.0,12.0,386,0.0,0.92
JSH0330,Personel_JSH0330,Bilişim / Finans,0.0,8.0,692,0.0,0.22
MSD0939,Personel_MSD0939,Bilişim / Finans,0.0,33.0,346,0.0,12.23
RRP0568,Personel_RRP0568,Bilişim / Finans,3.0,215.0,516,77.0,0.0
NCK0421,Personel_NCK0421,Bilişim / Finans,0.0,0.0,547,0.0,1.96
JMH0543,Personel_JMH0543,Bilişim / Finans,0.0,17.0,360,0.0,0.19
CCC0393,Personel_CCC0393,Bilişim / Finans,0.0,41.0,692,0.0,0.19
NCE0097,Personel_NCE0097,Bilişim / Finans,0.0,51.0,346,0.0,18.95
MLG0475,Personel_MLG0475,Bilişim / Finans,0.0,6.0,531,0.0,0.52
ABH0663,Personel_ABH0663,Bilişim / Finans,0.0,23.0,346,0.0,0.23
ZCF0590,Personel_ZCF0590,Bilişim / Finans,0.0,0.0,692,0.0,0.05
TDS0984,Personel_TDS0984,Bilişim / Finans,52.0,97.0,481,176.0,0.0
GZB0469,Personel_GZB0469,Bilişim / Finans,0.0,6.0,538,0.0,0.48
NCO0666,Personel_NCO0666,Bilişim / Finans,0.0,196.0,349,0.0,0.32
BRS0734,Personel_BRS0734,Bilişim / Finans,25.0,23.0,110,101.0,0.0
KTG0091,Personel_KTG0091,Bilişim / Finans,0.0,106.0,346,0.0,4.86
PPF0435,Personel_PPF0435,Bilişim / Finans,54.0,53.0,298,0.0,99.63
BIS0247,Personel_BIS0247,Bilişim / Finans,26.0,8.0,438,28.0,94.89
KVS0425,Personel_KVS0425,Bilişim / Finans,0.0,99.0,520,0.0,0.02
MJB0588,Personel_MJB0588,Bilişim / Finans,0.0,5.0,692,0.0,0.04
MLM0950,Personel_MLM0950,Bilişim / Finans,378.0,22.0,496,154.0,0.01
FWM0707,Personel_FWM0707,Bilişim / Finans,0.0,17.0,361,0.0,0.9
KRV0372,Personel_KRV0372,Bilişim / Finans,0.0,287.0,2223,0.0,0.66
IKR0401,Personel_IKR0401,Bilişim / Finans,157.0,69.0,574,42.0,80.15
RVF0201,Personel_RVF0201,Bilişim / Finans,129.0,254.0,354,22.0,23.45
MSO0222,Personel_MSO0222,Bilişim / Finans,2.0,0.0,1507,1.0,99.17
LEM0605,Personel_LEM0605,Bilişim / Finans,0.0,214.0,346,0.0,0.18
CFG0959,Personel_CFG0959,Bilişim / Finans,0.0,16.0,384,0.0,1.05
AMJ0297,Personel_AMJ0297,Bilişim / Finans,0.0,0.0,375,0.0,0.42
BSA0431,Personel_BSA0431,Bilişim / Finans,0.0,67.0,346,0.0,4.17
HVF0067,Personel_HVF0067,Bilişim / Finans,163.0,97.0,564,133.0,0.04
IYB0918,Personel_IYB0918,Bilişim / Finans,0.0,32.0,692,0.0,0.21
IDO0176,Personel_IDO0176,Bilişim / Finans,0.0,0.0,346,0.0,0.58
AKC0924,Personel_AKC0924,Bilişim / Finans,0.0,51.0,692,0.0,0.06
KBL0260,Personel_KBL0260,Bilişim / Finans,0.0,0.0,346,0.0,0.14
BHC0665,Personel_BHC0665,Bilişim / Finans,0.0,105.0,376,0.0,0.34
HXL0968,Personel_HXL0968,Bilişim / Finans,176.0,4.0,211,28.0,99.22
CWR0502,Personel_CWR0502,Bilişim / Finans,60.0,195.0,371,43.0,1.08
MDH0686,Personel_MDH0686,Bilişim / Finans,0.0,207.0,685,0.0,0.02
SBN0866,Personel_SBN0866,Bilişim / Finans,67.0,332.0,414,330.0,0.0
TAC0300,Personel_TAC0300,Bilişim / Finans,0.0,0.0,379,0.0,0.26
CGA0629,Personel_CGA0629,Bilişim / Finans,0.0,0.0,346,0.0,0.28
JAD0609,Personel_JAD0609,Bilişim / Finans,0.0,323.0,372,0.0,0.0
HPM0986,Personel_HPM0986,Bilişim / Finans,0.0,0.0,355,0.0,2.9
TJD0996,Personel_TJD0996,Bilişim / Finans,0.0,102.0,692,0.0,0.13
BSS0463,Personel_BSS0463,Bilişim / Finans,0.0,14.0,566,0.0,0.23
HCL0113,Personel_HCL0113,Bilişim / Finans,0.0,133.0,346,0.0,1.21
RHY0079,Personel_RHY0079,Bilişim / Finans,0.0,123.0,350,0.0,0.79
GCS0571,Personel_GCS0571,Bilişim / Finans,18.0,1.0,700,37.0,4.52
IBB0696,Personel_IBB0696,Bilişim / Finans,229.0,14.0,358,67.0,20.0
KCS0173,Personel_KCS0173,Bilişim / Finans,134.0,120.0,374,13.0,80.29
RSM0277,Personel_RSM0277,Bilişim / Finans,131.0,127.0,434,30.0,59.99
ICS0956,Personel_ICS0956,Bilişim / Finans,0.0,1.0,251,0.0,0.62
WTR0563,Personel_WTR0563,Bilişim / Finans,0.0,0.0,399,0.0,2.43
FBA0348,Personel_FBA0348,Bilişim / Finans,0.0,0.0,350,0.0,34.35
HIA0414,Personel_HIA0414,Bilişim / Finans,0.0,75.0,556,0.0,0.09
AKF0709,Personel_AKF0709,Bilişim / Finans,0.0,0.0,346,0.0,0.36
EGD0132,Personel_EGD0132,Bilişim / Finans,5.0,0.0,206,22.0,96.64
IRM0931,Personel_IRM0931,Bilişim / Finans,205.0,372.0,648,122.0,0.0
QRM0739,Personel_QRM0739,Bilişim / Finans,636.0,166.0,348,467.0,0.11
VLB0647,Personel_VLB0647,Bilişim / Finans,0.0,36.0,346,0.0,0.65
CJV0286,Personel_CJV0286,Bilişim / Finans,0.0,65.0,346,0.0,2.09
LBF0214,Personel_LBF0214,Bilişim / Finans,221.0,153.0,663,83.0,0.9
SAA0999,Personel_SAA0999,Bilişim / Finans,1171.0,132.0,693,522.0,0.02
IMG0320,Personel_IMG0320,Bilişim / Finans,0.0,114.0,346,0.0,0.7
ZSB0649,Personel_ZSB0649,Bilişim / Finans,0.0,53.0,346,0.0,1.35
DAG0558,Personel_DAG0558,Bilişim / Finans,0.0,122.0,346,0.0,4.75
DMG0358,Personel_DMG0358,Bilişim / Finans,0.0,266.0,2189,0.0,29.73
MAR0955,Personel_MAR0955,Bilişim / Finans,42.0,0.0,308,8.0,99.43
EAH0466,Personel_EAH0466,Bilişim / Finans,4.0,1.0,58,24.0,90.4
ADF0397,Personel_ADF0397,Bilişim / Finans,0.0,63.0,692,0.0,0.6
CLF0852,Personel_CLF0852,Bilişim / Finans,0.0,543.0,405,0.0,0.0
HRB0351,Personel_HRB0351,Bilişim / Finans,22.0,73.0,610,156.0,0.0
TVS0050,Personel_TVS0050,Bilişim / Finans,0.0,122.0,584,0.0,0.0
CBB0365,Personel_CBB0365,Bilişim / Finans,0.0,93.0,2223,0.0,1.07
NJC0705,Personel_NJC0705,Bilişim / Finans,0.0,3.0,346,0.0,0.51
KAC0124,Personel_KAC0124,Bilişim / Finans,0.0,0.0,692,0.0,0.08
RZC0746,Personel_RZC0746,Bilişim / Finans,0.0,243.0,491,0.0,0.03
MDM0625,Personel_MDM0625,Bilişim / Finans,714.0,74.0,365,472.0,0.0
BLB0114,Personel_BLB0114,Bilişim / Finans,0.0,277.0,355,0.0,0.14
GZC0735,Personel_GZC0735,Bilişim / Finans,88.0,124.0,413,33.0,36.62
ABM0845,Personel_ABM0845,Bilişim / Finans,0.0,1.0,697,0.0,0.04
HMM0108,Personel_HMM0108,Bilişim / Finans,9.0,15.0,57,14.0,90.44
CAB0614,Personel_CAB0614,Bilişim / Finans,82.0,365.0,403,50.0,0.02
VAA0087,Personel_VAA0087,Bilişim / Finans,0.0,51.0,383,0.0,1.08
YJV0699,Personel_YJV0699,Bilişim / Finans,0.0,0.0,346,0.0,0.42
TUC0632,Personel_TUC0632,Bilişim / Finans,0.0,0.0,346,0.0,0.25
MSZ0310,Personel_MSZ0310,Bilişim / Finans,0.0,122.0,346,0.0,1.27
GNZ0953,Personel_GNZ0953,Bilişim / Finans,0.0,15.0,348,0.0,1.08
KRM0541,Personel_KRM0541,Bilişim / Finans,0.0,62.0,553,0.0,0.1
SEJ0677,Personel_SEJ0677,Bilişim / Finans,0.0,0.0,176,0.0,0.45
AKH0758,Personel_AKH0758,Bilişim / Finans,0.0,15.0,346,0.0,0.5
ACV0812,Personel_ACV0812,Bilişim / Finans,0.0,91.0,975,0.0,3.46
SNS0129,Personel_SNS0129,Bilişim / Finans,0.0,34.0,346,0.0,7.73
CJC0494,Personel_CJC0494,Bilişim / Finans,0.0,101.0,346,0.0,2.23
KWC0004,Personel_KWC0004,Bilişim / Finans,0.0,212.0,346,0.0,0.0
RBB0485,Personel_RBB0485,Bilişim / Finans,0.0,0.0,346,0.0,2.29
ERH0449,Personel_ERH0449,Bilişim / Finans,0.0,0.0,529,0.0,0.47
JGT0221,Personel_JGT0221,Bilişim / Finans,2.0,36.0,920,1.0,98.9
IUB0565,Personel_IUB0565,Bilişim / Finans,5.0,48.0,243,31.0,98.7
AKR0057,Personel_AKR0057,Bilişim / Finans,177.0,38.0,481,40.0,96.21
UAD0771,Personel_UAD0771,Bilişim / Finans,80.0,44.0,350,105.0,0.0
VIA0063,Personel_VIA0063,Bilişim / Finans,553.0,40.0,553,465.0,0.04
RNL0695,Personel_RNL0695,Bilişim / Finans,0.0,71.0,504,0.0,0.06
AHG0634,Personel_AHG0634,Bilişim / Finans,0.0,33.0,164,0.0,2.04
WVB0539,Personel_WVB0539,Bilişim / Finans,0.0,113.0,346,0.0,0.87
ESH0283,Personel_ESH0283,Bilişim / Finans,6.0,159.0,365,158.0,0.0
HKR0628,Personel_HKR0628,Bilişim / Finans,0.0,396.0,379,0.0,0.04
IJW0851,Personel_IJW0851,Bilişim / Finans,0.0,0.0,357,0.0,0.23
SHR0334,Personel_SHR0334,Bilişim / Finans,0.0,0.0,692,0.0,0.04
CLH0703,Personel_CLH0703,Bilişim / Finans,0.0,11.0,346,0.0,0.77
MSG0839,Personel_MSG0839,Bilişim / Finans,0.0,2.0,692,0.0,0.04
HCM0267,Personel_HCM0267,Bilişim / Finans,1080.0,132.0,346,488.0,0.06
LBH0942,Personel_LBH0942,Bilişim / Finans,1690.0,53.0,455,593.0,0.09
NIH0969,Personel_NIH0969,Bilişim / Finans,0.0,11.0,349,0.0,1.11
WXH0872,Personel_WXH0872,Bilişim / Finans,169.0,335.0,425,39.0,0.04
DVM0265,Personel_DVM0265,Bilişim / Finans,0.0,107.0,403,0.0,0.14
BJW0619,Personel_BJW0619,Bilişim / Finans,0.0,119.0,346,0.0,0.58
AMH0794,Personel_AMH0794,Bilişim / Finans,0.0,59.0,346,0.0,5.53
IJR0825,Personel_IJR0825,Bilişim / Finans,0.0,16.0,692,0.0,0.05
IBP0883,Personel_IBP0883,Bilişim / Finans,0.0,63.0,504,0.0,0.24
GAF0570,Personel_GAF0570,Bilişim / Finans,0.0,161.0,352,0.0,0.6
NMG0766,Personel_NMG0766,Bilişim / Finans,0.0,23.0,346,0.0,0.24
GKO0078,Personel_GKO0078,Bilişim / Finans,131.0,425.0,408,60.0,0.02
MCF0327,Personel_MCF0327,Bilişim / Finans,0.0,0.0,346,0.0,0.81
HMW0713,Personel_HMW0713,Bilişim / Finans,0.0,15.0,346,0.0,0.65
MVH0373,Personel_MVH0373,Bilişim / Finans,0.0,21.0,385,0.0,0.47
BRM0995,Personel_BRM0995,Bilişim / Finans,1779.0,163.0,390,33.0,0.0
WKD0013,Personel_WKD0013,Bilişim / Finans,0.0,117.0,439,0.0,0.0
ABN0239,Personel_ABN0239,Bilişim / Finans,0.0,55.0,553,0.0,0.1
SVL0940,Personel_SVL0940,Bilişim / Finans,0.0,120.0,346,0.0,1.91
RGN0408,Personel_RGN0408,Bilişim / Finans,0.0,105.0,527,0.0,0.19
FQA0854,Personel_FQA0854,Bilişim / Finans,0.0,373.0,366,0.0,0.0
JML0909,Personel_JML0909,Bilişim / Finans,0.0,67.0,346,0.0,1.25
WSR0241,Personel_WSR0241,Bilişim / Finans,0.0,71.0,585,0.0,0.05
ILC0838,Personel_ILC0838,Bilişim / Finans,0.0,2.0,692,0.0,0.05
LTS0860,Personel_LTS0860,Bilişim / Finans,0.0,126.0,358,0.0,1.19
CEJ0109,Personel_CEJ0109,Bilişim / Finans,21.0,0.0,318,48.0,75.05
NMS0280,Personel_NMS0280,Bilişim / Finans,7.0,102.0,449,13.0,2.2
LOF0311,Personel_LOF0311,Bilişim / Finans,0.0,106.0,346,0.0,1.67
RGH0728,Personel_RGH0728,Bilişim / Finans,0.0,92.0,281,0.0,7.64
BDV0168,Personel_BDV0168,Bilişim / Finans,32.0,55.0,175,1.0,99.9
ARL0034,Personel_ARL0034,Bilişim / Finans,0.0,65.0,346,0.0,1.03
ZKS0899,Personel_ZKS0899,Bilişim / Finans,119.0,28.0,346,448.0,0.0
FLM0213,Personel_FLM0213,Bilişim / Finans,0.0,90.0,345,0.0,1.39
DZC0228,Personel_DZC0228,Bilişim / Finans,0.0,29.0,692,0.0,1.48
CLS0296,Personel_CLS0296,Bilişim / Finans,0.0,0.0,358,0.0,0.38
LRW0970,Personel_LRW0970,Bilişim / Finans,0.0,10.0,346,0.0,0.41
SJW0451,Personel_SJW0451,Bilişim / Finans,0.0,0.0,538,0.0,0.44
EMB0531,Personel_EMB0531,Bilişim / Finans,0.0,57.0,184,0.0,4.01
JRH0455,Personel_JRH0455,Bilişim / Finans,0.0,1.0,86,0.0,0.97
BLL0929,Personel_BLL0929,Bilişim / Finans,0.0,119.0,346,0.0,4.0
EHB0420,Personel_EHB0420,Bilişim / Finans,0.0,199.0,903,0.0,0.06
LMF0980,Personel_LMF0980,Bilişim / Finans,0.0,422.0,346,0.0,0.06
NMC0486,Personel_NMC0486,Bilişim / Finans,0.0,0.0,346,0.0,1.38
WKF0012,Personel_WKF0012,Bilişim / Finans,0.0,288.0,356,0.0,0.01
MKG0711,Personel_MKG0711,Bilişim / Finans,0.0,0.0,346,0.0,0.37
ADC0391,Personel_ADC0391,Bilişim / Finans,0.0,158.0,692,0.0,0.09
SBN0495,Personel_SBN0495,Bilişim / Finans,0.0,175.0,346,0.0,0.93
AIP0982,Personel_AIP0982,Bilişim / Finans,105.0,139.0,363,347.0,0.0
KJG0910,Personel_KJG0910,Bilişim / Finans,0.0,22.0,346,0.0,0.26
DRR0242,Personel_DRR0242,Bilişim / Finans,0.0,19.0,673,0.0,0.24
CYA0506,Personel_CYA0506,Bilişim / Finans,0.0,0.0,58,0.0,0.5
KVT0028,Personel_KVT0028,Bilişim / Finans,0.0,22.0,692,0.0,0.06
PKB0429,Personel_PKB0429,Bilişim / Finans,0.0,123.0,346,0.0,6.72
BHW0458,Personel_BHW0458,Bilişim / Finans,0.0,10.0,540,0.0,0.57
KRL0501,Personel_KRL0501,Bilişim / Finans,73.0,0.0,265,33.0,99.61
BTW0005,Personel_BTW0005,Bilişim / Finans,0.0,521.0,400,0.0,0.0
QCH0110,Personel_QCH0110,Bilişim / Finans,0.0,0.0,305,0.0,0.4
MBR0724,Personel_MBR0724,Bilişim / Finans,0.0,0.0,346,0.0,0.25
CJK0200,Personel_CJK0200,Bilişim / Finans,0.0,0.0,346,0.0,0.02
NKH0979,Personel_NKH0979,Bilişim / Finans,0.0,378.0,433,0.0,0.0
CFW0264,Personel_CFW0264,Bilişim / Finans,0.0,0.0,60,0.0,0.53
HOB0994,Personel_HOB0994,Bilişim / Finans,0.0,68.0,346,0.0,0.71
PAD0773,Personel_PAD0773,Bilişim / Finans,12.0,11.0,362,154.0,0.0
ELH0960,Personel_ELH0960,Bilişim / Finans,0.0,0.0,346,0.0,0.55
JLW0053,Personel_JLW0053,Bilişim / Finans,0.0,0.0,692,0.0,0.0
DAL0673,Personel_DAL0673,Bilişim / Finans,77.0,186.0,353,22.0,27.59
ANP0555,Personel_ANP0555,Bilişim / Finans,0.0,0.0,544,0.0,1.36
ASG0048,Personel_ASG0048,Bilişim / Finans,0.0,372.0,346,0.0,0.04
IJM0444,Personel_IJM0444,Bilişim / Finans,83.0,116.0,407,116.0,0.03
NSS0876,Personel_NSS0876,Bilişim / Finans,0.0,0.0,353,0.0,22.83
ENC0234,Personel_ENC0234,Bilişim / Finans,0.0,15.0,526,0.0,0.18
NHH0185,Personel_NHH0185,Bilişim / Finans,0.0,8.0,704,0.0,0.06
IWM0816,Personel_IWM0816,Bilişim / Finans,0.0,91.0,692,0.0,0.25
TAP0551,Personel_TAP0551,Bilişim / Finans,10.0,99.0,383,0.0,96.45
CAM0681,Personel_CAM0681,Bilişim / Finans,89.0,117.0,504,42.0,4.3
JPA0667,Personel_JPA0667,Bilişim / Finans,0.0,214.0,346,0.0,0.25
KMS0657,Personel_KMS0657,Bilişim / Finans,0.0,0.0,346,0.0,0.2
TVS0006,Personel_TVS0006,Bilişim / Finans,0.0,411.0,350,0.0,0.03
LJR0523,Personel_LJR0523,Bilişim / Finans,12.0,43.0,94,0.0,95.93
RJM0381,Personel_RJM0381,Bilişim / Finans,0.0,254.0,348,0.0,0.05
SCP0130,Personel_SCP0130,Bilişim / Finans,12.0,30.0,357,86.0,0.0
AJF0370,Personel_AJF0370,Bilişim / Finans,2540.0,226.0,2311,650.0,0.06
NLO0131,Personel_NLO0131,Bilişim / Finans,0.0,0.0,346,0.0,0.3
RNP0211,Personel_RNP0211,Bilişim / Finans,363.0,185.0,346,144.0,0.04
AKK0329,Personel_AKK0329,Bilişim / Finans,0.0,65.0,692,0.0,0.12
ELT0769,Personel_ELT0769,Bilişim / Finans,0.0,0.0,346,0.0,0.17
CLD0894,Personel_CLD0894,Bilişim / Finans,0.0,0.0,346,0.0,0.15
NOB0181,Personel_NOB0181,Bilişim / Finans,180.0,39.0,1018,70.0,19.41
KKW0879,Personel_KKW0879,Bilişim / Finans,829.0,129.0,443,96.0,0.02
CKP0721,Personel_CKP0721,Bilişim / Finans,0.0,0.0,346,0.0,0.36
KCB0815,Personel_KCB0815,Bilişim / Finans,0.0,47.0,692,0.0,0.21
EHB0824,Personel_EHB0824,Bilişim / Finans,26.0,0.0,328,0.0,99.24
RDT0424,Personel_RDT0424,Bilişim / Finans,73.0,130.0,603,20.0,2.58
RKF0164,Personel_RKF0164,Bilişim / Finans,0.0,360.0,335,0.0,0.0
ETR0428,Personel_ETR0428,Bilişim / Finans,0.0,214.0,374,0.0,0.15
BLS0678,Personel_BLS0678,Bilişim / Finans,8.0,145.0,208,0.0,99.48
SAB0781,Personel_SAB0781,Bilişim / Finans,60.0,24.0,346,81.0,0.06
QPM0727,Personel_QPM0727,Bilişim / Finans,0.0,0.0,346,0.0,22.82
NUL0471,Personel_NUL0471,Bilişim / Finans,0.0,8.0,557,0.0,0.36
NRD0548,Personel_NRD0548,Bilişim / Finans,0.0,0.0,481,0.0,0.34
DGF0443,Personel_DGF0443,Bilişim / Finans,0.0,0.0,346,0.0,0.34
EMS0317,Personel_EMS0317,Bilişim / Finans,0.0,129.0,346,0.0,1.26
NAB0903,Personel_NAB0903,Bilişim / Finans,0.0,0.0,346,0.0,0.17
DIB0285,Personel_DIB0285,Bilişim / Finans,12.0,54.0,184,18.0,98.63
AVM0947,Personel_AVM0947,Bilişim / Finans,1149.0,2.0,390,462.0,0.0
KNW0644,Personel_KNW0644,Bilişim / Finans,0.0,20.0,346,0.0,0.22
THD0448,Personel_THD0448,Bilişim / Finans,0.0,2.0,534,0.0,0.54
AAF0791,Personel_AAF0791,Bilişim / Finans,0.0,0.0,346,0.0,37.3
MGS0974,Personel_MGS0974,Bilişim / Finans,20.0,142.0,628,12.0,0.07
JMB0308,Personel_JMB0308,Bilişim / Finans,16.0,62.0,161,0.0,99.82
BQS0525,Personel_BQS0525,Bilişim / Finans,3.0,8.0,20,1.0,15.42
LLV0602,Personel_LLV0602,Bilişim / Finans,0.0,79.0,346,0.0,0.5
HCW0419,Personel_HCW0419,Bilişim / Finans,0.0,146.0,530,0.0,0.06
CTR0341,Personel_CTR0341,Bilişim / Finans,0.0,35.0,1195,0.0,1.06
AJR0319,Personel_AJR0319,Bilişim / Finans,0.0,184.0,446,0.0,0.03
IEB0153,Personel_IEB0153,Bilişim / Finans,0.0,17.0,747,0.0,5.9
KAT0489,Personel_KAT0489,Bilişim / Finans,0.0,203.0,346,0.0,0.0
FIR0920,Personel_FIR0920,Bilişim / Finans,0.0,63.0,746,0.0,0.03
APG0307,Personel_APG0307,Bilişim / Finans,0.0,10.0,363,0.0,0.68
MES0407,Personel_MES0407,Bilişim / Finans,0.0,203.0,583,0.0,0.02
LHB0606,Personel_LHB0606,Bilişim / Finans,0.0,71.0,82,0.0,26.49
DSB0731,Personel_DSB0731,Bilişim / Finans,0.0,101.0,346,0.0,0.94
JRS0362,Personel_JRS0362,Bilişim / Finans,0.0,0.0,2150,0.0,14.05
NGF0157,Personel_NGF0157,Bilişim / Finans,61.0,46.0,507,20.0,95.21
EDB0714,Personel_EDB0714,Bilişim / Finans,144.0,10.0,242,29.0,98.6
